Uid,Sid,Tag,Key,Time,Value,UpdateTime
8283944169,764345307,daily_report,stress,1747267200,"{""max_stress"":44,""min_stress"":18,""stress_scale"":{""severe"":0,""mild"":11,""moderate"":0,""relax"":2},""avg_stress"":32}",1747375671
8283944169,764345307,daily_report,stress,1747353600,"{""max_stress"":45,""avg_stress"":19,""min_stress"":9,""stress_scale"":{""moderate"":0,""severe"":0,""relax"":108,""mild"":26}}",1747471386
8283944169,764345307,daily_report,stress,1747440000,"{""avg_stress"":22,""stress_scale"":{""mild"":56,""moderate"":0,""relax"":97,""severe"":0},""max_stress"":45,""min_stress"":8}",1747634825
8283944169,764345307,daily_report,stress,1747526400,"{""max_stress"":42,""stress_scale"":{""severe"":0,""relax"":71,""mild"":43,""moderate"":0},""min_stress"":8,""avg_stress"":21}",1747634862
8283944169,764345307,daily_report,stress,1747612800,"{""stress_scale"":{""mild"":42,""relax"":102,""moderate"":0,""severe"":0},""min_stress"":5,""max_stress"":43,""avg_stress"":21}",1747721110
8283944169,764345307,daily_report,stress,1747699200,"{""avg_stress"":21,""max_stress"":51,""min_stress"":8,""stress_scale"":{""mild"":39,""severe"":0,""relax"":90,""moderate"":1}}",1747810934
8283944169,764345307,daily_report,stress,1747785600,"{""max_stress"":50,""avg_stress"":21,""stress_scale"":{""severe"":0,""moderate"":0,""relax"":107,""mild"":49},""min_stress"":5}",1747982589
8283944169,764345307,daily_report,stress,1747872000,"{""min_stress"":4,""max_stress"":45,""stress_scale"":{""moderate"":0,""severe"":0,""relax"":109,""mild"":45},""avg_stress"":21}",1747982589
8283944169,764345307,daily_report,stress,1747958400,"{""stress_scale"":{""mild"":15,""moderate"":0,""severe"":0,""relax"":103},""min_stress"":6,""avg_stress"":17,""max_stress"":37}",1748064257
8283944169,764345307,daily_report,stress,1748044800,"{""avg_stress"":20,""min_stress"":4,""max_stress"":47,""stress_scale"":{""mild"":25,""moderate"":0,""relax"":63,""severe"":0}}",1748281869
8283944169,764345307,daily_report,stress,1748131200,"{""avg_stress"":17,""min_stress"":10,""stress_scale"":{""relax"":94,""mild"":12,""moderate"":0,""severe"":0},""max_stress"":44}",1748281873
8283944169,764345307,daily_report,stress,1748217600,"{""avg_stress"":21,""stress_scale"":{""moderate"":0,""severe"":0,""mild"":30,""relax"":74},""min_stress"":9,""max_stress"":45}",1748381281
8283944169,764345307,daily_report,stress,1748304000,"{""avg_stress"":28,""min_stress"":12,""stress_scale"":{""relax"":10,""severe"":0,""moderate"":0,""mild"":17},""max_stress"":41}",1748384878
8283944169,764345307,daily_report,stress,1748390400,"{""avg_stress"":23,""stress_scale"":{""relax"":62,""mild"":53,""moderate"":0,""severe"":0},""min_stress"":3,""max_stress"":44}",1748776259
8283944169,764345307,daily_report,stress,1748476800,"{""stress_scale"":{""relax"":118,""mild"":3,""severe"":0,""moderate"":0},""max_stress"":40,""min_stress"":3,""avg_stress"":14}",1748776263
8283944169,764345307,daily_report,stress,1748563200,"{""avg_stress"":16,""stress_scale"":{""mild"":5,""relax"":88,""moderate"":0,""severe"":0},""min_stress"":8,""max_stress"":42}",1748776266
8283944169,764345307,daily_report,stress,1748649600,"{""min_stress"":9,""avg_stress"":15,""max_stress"":35,""stress_scale"":{""mild"":1,""relax"":84,""moderate"":0,""severe"":0}}",1748776272
8283944169,764345307,daily_report,stress,1748736000,"{""avg_stress"":16,""max_stress"":36,""stress_scale"":{""mild"":4,""moderate"":0,""relax"":83,""severe"":0},""min_stress"":5}",1748834049
8283944169,764345307,daily_report,stress,1748822400,"{""stress_scale"":{""severe"":0,""mild"":11,""moderate"":0,""relax"":76},""avg_stress"":17,""min_stress"":3,""max_stress"":43}",1748924526
8283944169,764345307,daily_report,stress,1748908800,"{""min_stress"":10,""max_stress"":44,""avg_stress"":20,""stress_scale"":{""mild"":31,""moderate"":0,""relax"":83,""severe"":0}}",1749024938
8283944169,764345307,daily_report,stress,1748995200,"{""max_stress"":46,""avg_stress"":19,""stress_scale"":{""moderate"":0,""severe"":0,""mild"":22,""relax"":84},""min_stress"":4}",1749110380
8283944169,764345307,daily_report,stress,1749081600,"{""min_stress"":5,""max_stress"":45,""stress_scale"":{""mild"":30,""severe"":0,""relax"":18,""moderate"":0},""avg_stress"":27}",1749182321
8283944169,764345307,daily_report,stress,1749168000,"{""min_stress"":5,""max_stress"":37,""stress_scale"":{""severe"":0,""mild"":18,""moderate"":0,""relax"":64},""avg_stress"":18}",1749271755
8283944169,764345307,daily_report,stress,1749254400,"{""avg_stress"":27,""stress_scale"":{""moderate"":0,""severe"":0,""mild"":10,""relax"":9},""min_stress"":10,""max_stress"":44}",1749364824
8283944169,764345307,daily_report,stress,1749340800,"{""max_stress"":38,""avg_stress"":17,""stress_scale"":{""moderate"":0,""severe"":0,""mild"":9,""relax"":100},""min_stress"":9}",1749448114
8283944169,764345307,daily_report,stress,1749427200,"{""stress_scale"":{""relax"":74,""moderate"":0,""severe"":0,""mild"":0},""max_stress"":20,""min_stress"":9,""avg_stress"":15}",1749494667
8283944169,764345307,daily_report,stress,1749686400,"{""avg_stress"":19,""max_stress"":44,""min_stress"":8,""stress_scale"":{""mild"":11,""severe"":0,""moderate"":0,""relax"":72}}",1750246513
8283944169,764345307,daily_report,stress,1749772800,"{""max_stress"":41,""stress_scale"":{""moderate"":0,""severe"":0,""relax"":89,""mild"":12},""min_stress"":5,""avg_stress"":18}",1750246513
8283944169,764345307,daily_report,stress,1749859200,"{""min_stress"":15,""avg_stress"":34,""stress_scale"":{""mild"":27,""relax"":3,""moderate"":0,""severe"":0},""max_stress"":47}",1750246517
8283944169,764345307,daily_report,stress,1749945600,"{""min_stress"":8,""avg_stress"":18,""stress_scale"":{""moderate"":0,""relax"":81,""severe"":0,""mild"":11},""max_stress"":44}",1750246521
8283944169,764345307,daily_report,stress,1750032000,"{""avg_stress"":19,""max_stress"":40,""stress_scale"":{""moderate"":0,""mild"":5,""severe"":0,""relax"":19},""min_stress"":9}",1750246521
8283944169,764345307,daily_report,stress,1750118400,"{""min_stress"":10,""stress_scale"":{""mild"":5,""severe"":0,""moderate"":0,""relax"":88},""max_stress"":38,""avg_stress"":16}",1750246526
8283944169,764345307,daily_report,stress,1750204800,"{""avg_stress"":20,""max_stress"":44,""min_stress"":10,""stress_scale"":{""mild"":34,""severe"":0,""moderate"":0,""relax"":90}}",1750246550
8283944169,default,daily_report,valid_stand,1747267200,"{""count"":11}",1747375671
8283944169,default,daily_report,valid_stand,1747353600,"{""count"":11}",1747471386
8283944169,default,daily_report,valid_stand,1747440000,"{""count"":11}",1747634825
8283944169,default,daily_report,valid_stand,1747526400,"{""count"":8}",1747634862
8283944169,default,daily_report,valid_stand,1747612800,"{""count"":10}",1747721110
8283944169,default,daily_report,valid_stand,1747699200,"{""count"":10}",1747810934
8283944169,default,daily_report,valid_stand,1747785600,"{""count"":10}",1747982589
8283944169,default,daily_report,valid_stand,1747872000,"{""count"":8}",1747982592
8283944169,default,daily_report,valid_stand,1747958400,"{""count"":12}",1748064257
8283944169,default,daily_report,valid_stand,1748044800,"{""count"":3}",1748281873
8283944169,default,daily_report,valid_stand,1748217600,"{""count"":4}",1748381281
8283944169,default,daily_report,valid_stand,1748304000,"{""count"":9}",1748384878
8283944169,default,daily_report,valid_stand,1748390400,"{""count"":7}",1748776263
8283944169,default,daily_report,valid_stand,1748476800,"{""count"":1}",1748776266
8283944169,default,daily_report,valid_stand,1748563200,"{""count"":2}",1748776266
8283944169,default,daily_report,valid_stand,1748649600,"{""count"":1}",1748776272
8283944169,default,daily_report,valid_stand,1748822400,"{""count"":6}",1748924526
8283944169,default,daily_report,valid_stand,1748908800,"{""count"":3}",1749024947
8283944169,default,daily_report,valid_stand,1748995200,"{""count"":1}",1749110380
8283944169,default,daily_report,valid_stand,1749081600,"{""count"":10}",1749182321
8283944169,default,daily_report,valid_stand,1749168000,"{""count"":10}",1749271755
8283944169,default,daily_report,valid_stand,1749254400,"{""count"":1}",1749364824
8283944169,default,daily_report,valid_stand,1749427200,"{""count"":2}",1749494667
8283944169,default,daily_report,valid_stand,1750118400,"{""count"":1}",1750246526
8283944169,default,daily_report,valid_stand,1750204800,"{""count"":3}",1750246505
8283944169,default,daily_report,steps,1747267200,"{""steps"":6061,""goal"":6000,""distance"":3859,""calories"":165}",1747375671
8283944169,default,daily_report,steps,1747353600,"{""calories"":228,""goal"":6000,""distance"":5944,""steps"":9345}",1747471386
8283944169,default,daily_report,steps,1747440000,"{""goal"":6000,""steps"":11938,""calories"":263,""distance"":7605}",1747634825
8283944169,default,daily_report,steps,1747526400,"{""calories"":146,""steps"":6723,""distance"":4271,""goal"":6000}",1747634862
8283944169,default,daily_report,steps,1747612800,"{""calories"":175,""steps"":6266,""goal"":6000,""distance"":3994}",1747721110
8283944169,default,daily_report,steps,1747699200,"{""calories"":354,""steps"":10020,""distance"":6351,""goal"":6000}",1747810934
8283944169,default,daily_report,steps,1747785600,"{""distance"":2720,""steps"":4270,""calories"":120,""goal"":6000}",1747982589
8283944169,default,daily_report,steps,1747872000,"{""calories"":119,""goal"":6000,""distance"":2356,""steps"":3682}",1747982589
8283944169,default,daily_report,steps,1747958400,"{""steps"":16716,""calories"":431,""goal"":6000,""distance"":10617}",1748064257
8283944169,default,daily_report,steps,1748044800,"{""goal"":6000,""calories"":59,""distance"":1830,""steps"":2882}",1748281869
8283944169,default,daily_report,steps,1748131200,"{""calories"":5,""goal"":6000,""distance"":42,""steps"":66}",1748281873
8283944169,default,daily_report,steps,1748217600,"{""distance"":1862,""calories"":65,""steps"":2940,""goal"":6000}",1748381281
8283944169,default,daily_report,steps,1748304000,"{""distance"":4310,""goal"":6000,""steps"":6764,""calories"":203}",1748384878
8283944169,default,daily_report,steps,1748390400,"{""distance"":3173,""goal"":6000,""calories"":132,""steps"":4982}",1748776259
8283944169,default,daily_report,steps,1748476800,"{""distance"":56,""goal"":6000,""calories"":3,""steps"":88}",1748776263
8283944169,default,daily_report,steps,1748563200,"{""steps"":65,""distance"":42,""goal"":6000,""calories"":2}",1748776266
8283944169,default,daily_report,steps,1748649600,"{""calories"":3,""steps"":116,""distance"":74,""goal"":6000}",1748776272
8283944169,default,daily_report,steps,1748736000,"{""steps"":18,""calories"":1,""distance"":11,""goal"":6000}",1748834049
8283944169,default,daily_report,steps,1748822400,"{""distance"":2307,""calories"":9,""goal"":6000,""steps"":3622}",1748924526
8283944169,default,daily_report,steps,1748908800,"{""calories"":225,""distance"":3040,""goal"":6000,""steps"":4808}",1749024947
8283944169,default,daily_report,steps,1748995200,"{""distance"":607,""steps"":940,""goal"":6000,""calories"":37}",1749110380
8283944169,default,daily_report,steps,1749081600,"{""steps"":7650,""distance"":4870,""calories"":199,""goal"":6000}",1749182321
8283944169,default,daily_report,steps,1749168000,"{""steps"":6352,""calories"":174,""distance"":4051,""goal"":6000}",1749271755
8283944169,default,daily_report,steps,1749254400,"{""steps"":168,""calories"":5,""goal"":6000,""distance"":107}",1749364824
8283944169,default,daily_report,steps,1749427200,"{""goal"":6000,""steps"":3455,""calories"":192,""distance"":2178}",1749494667
8283944169,default,daily_report,steps,1749686400,"{""calories"":284,""goal"":6000,""distance"":3982,""steps"":6302}",1750246513
8283944169,default,daily_report,steps,1749772800,"{""distance"":11048,""goal"":6000,""calories"":366,""steps"":17422}",1750246513
8283944169,default,daily_report,steps,1749859200,"{""goal"":6000,""calories"":243,""steps"":12105,""distance"":7661}",1750246517
8283944169,default,daily_report,steps,1749945600,"{""steps"":11715,""calories"":306,""goal"":6000,""distance"":7469}",1750246521
8283944169,default,daily_report,steps,1750032000,"{""goal"":6000,""steps"":10,""distance"":7,""calories"":1}",1750246521
8283944169,default,daily_report,steps,1750118400,"{""goal"":6000,""distance"":40,""steps"":62,""calories"":6}",1750246526
8283944169,default,daily_report,steps,1750204800,"{""distance"":397,""calories"":22,""steps"":619,""goal"":6000}",1750246505
8283944169,default,daily_report,spo2,1747267200,"{""min_spo2"":94,""avg_spo2"":96,""lack_spo2_count"":0,""latest_spo2"":{""time"":1747353540,""spo2"":97},""max_spo2"":99}",1747375671
8283944169,default,daily_report,spo2,1747353600,"{""avg_spo2"":96,""min_spo2"":89,""lack_spo2_count"":0,""latest_spo2"":{""spo2"":92,""time"":1747437060},""max_spo2"":99}",1747471386
8283944169,default,daily_report,spo2,1747440000,"{""avg_spo2"":96,""min_spo2"":94,""lack_spo2_count"":0,""max_spo2"":98,""latest_spo2"":{""time"":1747526280,""spo2"":94}}",1747634825
8283944169,default,daily_report,spo2,1747526400,"{""max_spo2"":98,""avg_spo2"":95,""latest_spo2"":{""time"":1747612320,""spo2"":98},""lack_spo2_count"":0,""min_spo2"":93}",1747634862
8283944169,default,daily_report,spo2,1747612800,"{""avg_spo2"":96,""max_spo2"":98,""latest_spo2"":{""spo2"":95,""time"":1747698840},""min_spo2"":88,""lack_spo2_count"":0}",1747721110
8283944169,default,daily_report,spo2,1747699200,"{""avg_spo2"":96,""lack_spo2_count"":0,""max_spo2"":99,""min_spo2"":93,""latest_spo2"":{""spo2"":93,""time"":1747785120}}",1747810934
8283944169,default,daily_report,spo2,1747785600,"{""min_spo2"":93,""latest_spo2"":{""time"":1747871700,""spo2"":96},""max_spo2"":99,""avg_spo2"":96,""lack_spo2_count"":0}",1747982589
8283944169,default,daily_report,spo2,1747872000,"{""lack_spo2_count"":0,""latest_spo2"":{""spo2"":98,""time"":1747958220},""min_spo2"":93,""max_spo2"":99,""avg_spo2"":97}",1747982589
8283944169,default,daily_report,spo2,1747958400,"{""max_spo2"":99,""lack_spo2_count"":0,""avg_spo2"":97,""latest_spo2"":{""spo2"":94,""time"":1748041200},""min_spo2"":94}",1748064257
8283944169,default,daily_report,spo2,1748044800,"{""min_spo2"":94,""avg_spo2"":97,""lack_spo2_count"":0,""latest_spo2"":{""spo2"":98,""time"":1748131080},""max_spo2"":99}",1748281869
8283944169,default,daily_report,spo2,1748131200,"{""min_spo2"":94,""latest_spo2"":{""spo2"":96,""time"":1748217480},""max_spo2"":99,""avg_spo2"":96,""lack_spo2_count"":0}",1748281873
8283944169,default,daily_report,spo2,1748217600,"{""avg_spo2"":96,""latest_spo2"":{""spo2"":96,""time"":1748300040},""lack_spo2_count"":0,""max_spo2"":99,""min_spo2"":89}",1748381281
8283944169,default,daily_report,spo2,1748304000,"{""min_spo2"":94,""latest_spo2"":{""spo2"":94,""time"":1748371380},""max_spo2"":99,""avg_spo2"":95,""lack_spo2_count"":0}",1748384878
8283944169,default,daily_report,spo2,1748390400,"{""max_spo2"":98,""avg_spo2"":95,""latest_spo2"":{""spo2"":97,""time"":1748476680},""lack_spo2_count"":0,""min_spo2"":93}",1748776259
8283944169,default,daily_report,spo2,1748476800,"{""avg_spo2"":96,""lack_spo2_count"":0,""max_spo2"":99,""latest_spo2"":{""time"":1748562540,""spo2"":92},""min_spo2"":92}",1748776263
8283944169,default,daily_report,spo2,1748563200,"{""max_spo2"":99,""latest_spo2"":{""time"":1748648940,""spo2"":96},""avg_spo2"":96,""lack_spo2_count"":0,""min_spo2"":93}",1748776266
8283944169,default,daily_report,spo2,1748649600,"{""avg_spo2"":96,""max_spo2"":99,""lack_spo2_count"":0,""min_spo2"":89,""latest_spo2"":{""time"":1748674740,""spo2"":98}}",1748776272
8283944169,default,daily_report,spo2,1748736000,"{""avg_spo2"":98,""min_spo2"":95,""max_spo2"":98,""latest_spo2"":{""spo2"":97,""time"":1748761920},""lack_spo2_count"":0}",1748834049
8283944169,default,daily_report,spo2,1748822400,"{""avg_spo2"":97,""max_spo2"":99,""min_spo2"":94,""lack_spo2_count"":0,""latest_spo2"":{""spo2"":98,""time"":1748908080}}",1748924526
8283944169,default,daily_report,spo2,1748908800,"{""max_spo2"":99,""lack_spo2_count"":0,""min_spo2"":93,""avg_spo2"":97,""latest_spo2"":{""time"":1748993280,""spo2"":98}}",1749024938
8283944169,default,daily_report,spo2,1748995200,"{""min_spo2"":90,""max_spo2"":99,""lack_spo2_count"":0,""latest_spo2"":{""time"":1749037860,""spo2"":94},""avg_spo2"":96}",1749110380
8283944169,default,daily_report,spo2,1749081600,"{""max_spo2"":98,""latest_spo2"":{""time"":1749167340,""spo2"":98},""lack_spo2_count"":0,""avg_spo2"":96,""min_spo2"":94}",1749182321
8283944169,default,daily_report,spo2,1749168000,"{""lack_spo2_count"":0,""avg_spo2"":97,""max_spo2"":99,""latest_spo2"":{""time"":1749221880,""spo2"":96},""min_spo2"":94}",1749271755
8283944169,default,daily_report,spo2,1749254400,"{""avg_spo2"":97,""latest_spo2"":{""time"":1749340320,""spo2"":97},""min_spo2"":94,""lack_spo2_count"":0,""max_spo2"":99}",1749364824
8283944169,default,daily_report,spo2,1749340800,"{""min_spo2"":94,""max_spo2"":98,""lack_spo2_count"":0,""avg_spo2"":97,""latest_spo2"":{""time"":1749427020,""spo2"":98}}",1749448114
8283944169,default,daily_report,spo2,1749427200,"{""min_spo2"":96,""avg_spo2"":98,""lack_spo2_count"":0,""max_spo2"":99,""latest_spo2"":{""time"":1749449220,""spo2"":97}}",1749494667
8283944169,default,daily_report,spo2,1749686400,"{""latest_spo2"":{""spo2"":97,""time"":1749772500},""min_spo2"":94,""avg_spo2"":97,""max_spo2"":99,""lack_spo2_count"":0}",1750246513
8283944169,default,daily_report,spo2,1749772800,"{""avg_spo2"":96,""max_spo2"":98,""min_spo2"":94,""lack_spo2_count"":0,""latest_spo2"":{""time"":1749858720,""spo2"":97}}",1750246513
8283944169,default,daily_report,spo2,1749859200,"{""avg_spo2"":96,""lack_spo2_count"":0,""latest_spo2"":{""spo2"":94,""time"":1749926220},""max_spo2"":98,""min_spo2"":92}",1750246517
8283944169,default,daily_report,spo2,1749945600,"{""min_spo2"":94,""latest_spo2"":{""spo2"":98,""time"":1750021740},""max_spo2"":99,""avg_spo2"":97,""lack_spo2_count"":0}",1750246521
8283944169,default,daily_report,spo2,1750032000,"{""min_spo2"":93,""avg_spo2"":96,""latest_spo2"":{""time"":1750118280,""spo2"":97},""max_spo2"":98,""lack_spo2_count"":0}",1750246521
8283944169,default,daily_report,spo2,1750118400,"{""lack_spo2_count"":0,""min_spo2"":94,""max_spo2"":98,""avg_spo2"":96,""latest_spo2"":{""time"":1750204500,""spo2"":98}}",1750246526
8283944169,default,daily_report,spo2,1750204800,"{""min_spo2"":94,""lack_spo2_count"":0,""max_spo2"":98,""avg_spo2"":96,""latest_spo2"":{""spo2"":94,""time"":1750247760}}",1750246505
8283944169,default,daily_report,sleep,1747353600,"{""breath_quality"":96,""sleep_deep_duration"":154,""avg_spo2"":96,""sleep_awake_duration"":0,""max_spo2"":99,""sleep_score"":84,""sleep_rem_duration"":54,""segment_details"":[{""bedtime"":1747345260,""duration"":502,""sleep_deep_duration"":154,""max_spo2"":99,""min_spo2"":89,""max_hr"":87,""breath_quality"":96,""sleep_rem_duration"":54,""avg_spo2"":96,""sleep_light_duration"":294,""min_hr"":36,""sleep_awake_duration"":0,""avg_hr"":57,""awake_count"":0,""timezone"":8,""wake_up_time"":1747375380}],""sleep_nap_duration"":0,""sleep_manually_duration"":0,""awake_count"":0,""total_long_duration"":502,""total_turn_over"":0,""min_spo2"":89,""total_body_move"":0,""day_sleep_evaluation"":0,""sleep_trace_duration"":0,""avg_hr"":57,""long_sleep_evaluation"":7,""total_duration"":502,""max_hr"":87,""total_snore_disturb"":0,""total_snore"":0,""min_hr"":36,""sleep_light_duration"":294}",1747471386
8283944169,default,daily_report,sleep,1747440000,"{""avg_hr"":58,""min_hr"":50,""max_hr"":87,""total_body_move"":0,""avg_spo2"":96,""long_sleep_evaluation"":17,""sleep_trace_duration"":0,""total_duration"":551,""sleep_manually_duration"":0,""sleep_awake_duration"":6,""awake_count"":1,""day_sleep_evaluation"":0,""sleep_light_duration"":271,""total_turn_over"":0,""sleep_score"":83,""segment_details"":[{""awake_count"":1,""avg_spo2"":96,""sleep_deep_duration"":204,""avg_hr"":58,""duration"":551,""max_spo2"":98,""bedtime"":1747428660,""min_spo2"":92,""timezone"":8,""max_hr"":87,""sleep_rem_duration"":76,""sleep_light_duration"":271,""wake_up_time"":1747462080,""breath_quality"":96,""min_hr"":50,""sleep_awake_duration"":6}],""breath_quality"":96,""sleep_rem_duration"":76,""max_spo2"":98,""min_spo2"":92,""sleep_nap_duration"":0,""total_snore_disturb"":0,""total_long_duration"":551,""total_snore"":0,""sleep_deep_duration"":204}",1747634825
8283944169,default,daily_report,sleep,1747526400,"{""sleep_nap_duration"":0,""sleep_deep_duration"":117,""sleep_manually_duration"":0,""sleep_awake_duration"":0,""total_turn_over"":0,""segment_details"":[{""duration"":359,""timezone"":8,""sleep_deep_duration"":117,""max_spo2"":98,""min_spo2"":93,""avg_hr"":58,""breath_quality"":98,""max_hr"":91,""sleep_light_duration"":204,""wake_up_time"":1747539300,""awake_count"":0,""bedtime"":1747517760,""avg_spo2"":95,""sleep_rem_duration"":38,""min_hr"":52,""sleep_awake_duration"":0}],""max_spo2"":98,""avg_hr"":58,""sleep_light_duration"":204,""total_snore_disturb"":0,""total_duration"":359,""avg_spo2"":95,""day_sleep_evaluation"":0,""min_hr"":52,""sleep_trace_duration"":0,""total_long_duration"":359,""sleep_rem_duration"":38,""total_body_move"":0,""total_snore"":0,""awake_count"":0,""min_spo2"":93,""breath_quality"":98,""sleep_score"":72,""long_sleep_evaluation"":20,""max_hr"":91}",1747634862
8283944169,default,daily_report,sleep,1747612800,"{""day_sleep_evaluation"":0,""segment_details"":[{""duration"":520,""sleep_awake_duration"":0,""timezone"":8,""sleep_rem_duration"":98,""wake_up_time"":1747634580,""min_hr"":54,""avg_hr"":64,""max_spo2"":98,""max_hr"":101,""bedtime"":1747603380,""breath_quality"":96,""sleep_light_duration"":277,""min_spo2"":92,""avg_spo2"":97,""awake_count"":0,""sleep_deep_duration"":145}],""avg_spo2"":97,""max_spo2"":98,""breath_quality"":96,""awake_count"":0,""min_hr"":54,""sleep_awake_duration"":0,""total_snore"":0,""long_sleep_evaluation"":26,""sleep_trace_duration"":0,""sleep_light_duration"":277,""total_body_move"":0,""min_spo2"":92,""total_long_duration"":520,""avg_hr"":64,""sleep_deep_duration"":145,""sleep_score"":91,""total_turn_over"":0,""total_snore_disturb"":0,""sleep_manually_duration"":0,""total_duration"":520,""max_hr"":101,""sleep_rem_duration"":98,""sleep_nap_duration"":0}",1747721110
8283944169,default,daily_report,sleep,1747699200,"{""day_sleep_evaluation"":0,""avg_hr"":59,""total_snore"":0,""min_spo2"":93,""min_hr"":51,""max_spo2"":99,""avg_spo2"":96,""total_long_duration"":488,""total_snore_disturb"":0,""sleep_trace_duration"":0,""sleep_deep_duration"":165,""long_sleep_evaluation"":6,""total_body_move"":0,""sleep_score"":91,""segment_details"":[{""duration"":488,""sleep_rem_duration"":76,""max_hr"":94,""bedtime"":1747689960,""sleep_deep_duration"":165,""min_hr"":51,""timezone"":8,""sleep_light_duration"":247,""sleep_awake_duration"":0,""awake_count"":0,""min_spo2"":93,""breath_quality"":97,""wake_up_time"":1747719240,""avg_spo2"":96,""max_spo2"":99,""avg_hr"":59}],""sleep_awake_duration"":0,""sleep_light_duration"":247,""total_turn_over"":0,""sleep_nap_duration"":0,""breath_quality"":97,""awake_count"":0,""total_duration"":488,""sleep_rem_duration"":76,""sleep_manually_duration"":0,""max_hr"":94}",1747810934
8283944169,default,daily_report,sleep,1747785600,"{""sleep_trace_duration"":0,""avg_spo2"":96,""sleep_deep_duration"":183,""day_sleep_evaluation"":0,""min_spo2"":93,""max_spo2"":99,""min_hr"":55,""total_body_move"":0,""sleep_manually_duration"":0,""sleep_light_duration"":251,""sleep_score"":93,""sleep_nap_duration"":0,""total_long_duration"":561,""sleep_awake_duration"":0,""avg_hr"":62,""total_duration"":561,""total_turn_over"":0,""segment_details"":[{""sleep_awake_duration"":0,""max_spo2"":99,""min_spo2"":93,""sleep_deep_duration"":183,""wake_up_time"":1747810920,""sleep_rem_duration"":127,""duration"":561,""max_hr"":92,""timezone"":8,""awake_count"":0,""breath_quality"":95,""bedtime"":1747777260,""avg_spo2"":96,""min_hr"":55,""avg_hr"":62,""sleep_light_duration"":251}],""sleep_rem_duration"":127,""total_snore_disturb"":0,""awake_count"":0,""total_snore"":0,""max_hr"":92,""long_sleep_evaluation"":6,""breath_quality"":95}",1747982589
8283944169,default,daily_report,sleep,1747872000,"{""breath_quality"":96,""sleep_trace_duration"":0,""sleep_deep_duration"":121,""avg_spo2"":97,""min_spo2"":94,""max_spo2"":99,""min_hr"":52,""total_body_move"":0,""sleep_manually_duration"":0,""sleep_light_duration"":296,""sleep_score"":83,""sleep_nap_duration"":0,""total_long_duration"":468,""sleep_awake_duration"":0,""avg_hr"":59,""total_duration"":468,""total_turn_over"":0,""segment_details"":[{""sleep_rem_duration"":51,""awake_count"":0,""timezone"":8,""min_hr"":52,""avg_spo2"":97,""duration"":468,""sleep_deep_duration"":121,""sleep_awake_duration"":0,""breath_quality"":96,""max_spo2"":99,""sleep_light_duration"":296,""max_hr"":95,""bedtime"":1747865640,""min_spo2"":94,""wake_up_time"":1747893720,""avg_hr"":59}],""sleep_rem_duration"":51,""total_snore_disturb"":0,""total_snore"":0,""awake_count"":0,""max_hr"":95,""long_sleep_evaluation"":19,""day_sleep_evaluation"":0}",1747982592
8283944169,default,daily_report,sleep,1747958400,"{""sleep_manually_duration"":0,""sleep_awake_duration"":0,""avg_hr"":63,""sleep_trace_duration"":0,""long_sleep_evaluation"":25,""max_hr"":92,""breath_quality"":96,""day_sleep_evaluation"":0,""total_snore_disturb"":0,""min_hr"":52,""sleep_score"":83,""sleep_nap_duration"":0,""min_spo2"":94,""sleep_rem_duration"":89,""total_body_move"":0,""total_turn_over"":0,""total_duration"":599,""sleep_light_duration"":306,""total_snore"":0,""sleep_deep_duration"":204,""awake_count"":0,""total_long_duration"":599,""segment_details"":[{""sleep_deep_duration"":204,""sleep_rem_duration"":89,""wake_up_time"":1747982160,""max_spo2"":99,""duration"":599,""avg_spo2"":98,""sleep_awake_duration"":0,""bedtime"":1747946220,""max_hr"":92,""min_hr"":52,""timezone"":8,""min_spo2"":94,""awake_count"":0,""breath_quality"":96,""sleep_light_duration"":306,""avg_hr"":63}],""avg_spo2"":98,""max_spo2"":99}",1748064257
8283944169,default,daily_report,sleep,1748044800,"{""sleep_rem_duration"":51,""avg_spo2"":98,""min_spo2"":94,""awake_count"":1,""total_duration"":272,""breath_quality"":98,""avg_hr"":70,""sleep_nap_duration"":0,""long_sleep_evaluation"":4,""total_long_duration"":272,""total_turn_over"":0,""sleep_deep_duration"":71,""sleep_awake_duration"":1,""total_snore"":0,""max_hr"":87,""day_sleep_evaluation"":0,""sleep_manually_duration"":0,""sleep_light_duration"":150,""total_body_move"":0,""sleep_trace_duration"":0,""max_spo2"":99,""sleep_score"":56,""segment_details"":[{""awake_count"":1,""sleep_rem_duration"":51,""bedtime"":1748047680,""sleep_light_duration"":150,""avg_spo2"":98,""breath_quality"":98,""min_hr"":60,""max_hr"":87,""timezone"":8,""sleep_awake_duration"":1,""wake_up_time"":1748064060,""duration"":272,""sleep_deep_duration"":71,""avg_hr"":70,""max_spo2"":99,""min_spo2"":94}],""total_snore_disturb"":0,""min_hr"":60}",1748281873
8283944169,default,daily_report,sleep,1748131200,"{""sleep_light_duration"":242,""total_duration"":527,""long_sleep_evaluation"":26,""segment_details"":[{""min_spo2"":94,""avg_hr"":60,""duration"":527,""breath_quality"":96,""avg_spo2"":96,""max_hr"":82,""timezone"":8,""sleep_rem_duration"":111,""awake_count"":0,""max_spo2"":99,""sleep_deep_duration"":174,""bedtime"":1748120040,""sleep_light_duration"":242,""wake_up_time"":1748151660,""sleep_awake_duration"":0,""min_hr"":52}],""total_snore_disturb"":0,""max_hr"":82,""sleep_nap_duration"":0,""sleep_deep_duration"":174,""avg_spo2"":96,""min_spo2"":94,""avg_hr"":60,""day_sleep_evaluation"":0,""awake_count"":0,""total_long_duration"":527,""max_spo2"":99,""sleep_score"":91,""sleep_trace_duration"":0,""breath_quality"":96,""total_body_move"":0,""min_hr"":52,""sleep_awake_duration"":0,""sleep_manually_duration"":0,""total_snore"":0,""sleep_rem_duration"":111,""total_turn_over"":0}",1748281876
8283944169,default,daily_report,sleep,1748217600,"{""awake_count"":0,""max_hr"":90,""sleep_deep_duration"":95,""min_spo2"":89,""total_duration"":367,""total_snore"":0,""total_long_duration"":367,""segment_details"":[{""breath_quality"":95,""bedtime"":1748216640,""duration"":367,""sleep_rem_duration"":37,""wake_up_time"":1748238660,""avg_spo2"":96,""min_hr"":55,""max_spo2"":99,""avg_hr"":63,""max_hr"":90,""sleep_light_duration"":235,""min_spo2"":89,""awake_count"":0,""timezone"":8,""sleep_deep_duration"":95,""sleep_awake_duration"":0}],""total_body_move"":0,""sleep_trace_duration"":0,""avg_hr"":63,""sleep_manually_duration"":0,""avg_spo2"":96,""sleep_rem_duration"":37,""max_spo2"":99,""long_sleep_evaluation"":7,""day_sleep_evaluation"":0,""total_snore_disturb"":0,""total_turn_over"":0,""sleep_score"":64,""sleep_nap_duration"":0,""min_hr"":55,""sleep_awake_duration"":0,""breath_quality"":95,""sleep_light_duration"":235}",1748381281
8283944169,default,daily_report,sleep,1748390400,"{""total_turn_over"":0,""awake_count"":0,""sleep_trace_duration"":0,""total_duration"":302,""min_hr"":56,""sleep_manually_duration"":0,""sleep_rem_duration"":76,""long_sleep_evaluation"":25,""avg_hr"":63,""segment_details"":[{""sleep_awake_duration"":0,""sleep_deep_duration"":98,""wake_up_time"":1748404200,""sleep_rem_duration"":76,""sleep_light_duration"":128,""awake_count"":0,""max_spo2"":97,""min_spo2"":93,""duration"":302,""min_hr"":56,""bedtime"":1748386080,""breath_quality"":96,""avg_hr"":63,""timezone"":8,""max_hr"":85,""avg_spo2"":96}],""avg_spo2"":96,""sleep_light_duration"":128,""sleep_awake_duration"":0,""max_hr"":85,""max_spo2"":97,""total_body_move"":0,""day_sleep_evaluation"":0,""total_snore"":0,""total_long_duration"":302,""sleep_nap_duration"":0,""sleep_score"":74,""total_snore_disturb"":0,""min_spo2"":93,""sleep_deep_duration"":98,""breath_quality"":96}",1748776263
8283944169,default,daily_report,sleep,1748476800,"{""sleep_score"":80,""total_long_duration"":546,""min_spo2"":94,""sleep_trace_duration"":0,""avg_spo2"":96,""sleep_rem_duration"":158,""total_turn_over"":0,""total_body_move"":0,""max_spo2"":99,""total_snore"":0,""segment_details"":[{""awake_count"":0,""min_hr"":47,""min_spo2"":94,""max_hr"":96,""sleep_awake_duration"":0,""breath_quality"":95,""avg_hr"":58,""duration"":546,""bedtime"":1748467320,""avg_spo2"":96,""sleep_deep_duration"":211,""timezone"":8,""max_spo2"":99,""wake_up_time"":1748500080,""sleep_light_duration"":177,""sleep_rem_duration"":158}],""sleep_light_duration"":177,""total_snore_disturb"":0,""breath_quality"":95,""awake_count"":0,""avg_hr"":58,""day_sleep_evaluation"":0,""sleep_manually_duration"":0,""sleep_nap_duration"":0,""total_duration"":546,""max_hr"":96,""sleep_awake_duration"":0,""min_hr"":47,""sleep_deep_duration"":211,""long_sleep_evaluation"":6}",1748776266
8283944169,default,daily_report,sleep,1748563200,"{""day_sleep_evaluation"":0,""sleep_nap_duration"":0,""max_spo2"":99,""total_snore_disturb"":0,""total_snore"":0,""total_turn_over"":0,""breath_quality"":96,""awake_count"":0,""sleep_trace_duration"":0,""total_body_move"":0,""sleep_light_duration"":230,""sleep_score"":86,""min_hr"":48,""sleep_deep_duration"":192,""sleep_rem_duration"":96,""total_long_duration"":518,""sleep_manually_duration"":0,""segment_details"":[{""sleep_awake_duration"":0,""timezone"":8,""duration"":518,""awake_count"":0,""min_hr"":48,""avg_hr"":59,""sleep_rem_duration"":96,""max_hr"":82,""avg_spo2"":96,""sleep_deep_duration"":192,""wake_up_time"":1748581020,""max_spo2"":99,""breath_quality"":96,""sleep_light_duration"":230,""bedtime"":1748549940,""min_spo2"":92}],""avg_spo2"":96,""sleep_awake_duration"":0,""max_hr"":82,""long_sleep_evaluation"":3,""total_duration"":518,""min_spo2"":92,""avg_hr"":59}",1748776272
8283944169,default,daily_report,sleep,1748649600,"{""sleep_trace_duration"":0,""sleep_light_duration"":277,""segment_details"":[{""max_spo2"":99,""timezone"":8,""max_hr"":94,""breath_quality"":94,""bedtime"":1748638680,""avg_spo2"":96,""sleep_awake_duration"":0,""min_hr"":48,""sleep_rem_duration"":82,""sleep_light_duration"":277,""awake_count"":0,""min_spo2"":89,""duration"":485,""avg_hr"":58,""sleep_deep_duration"":126,""wake_up_time"":1748667780}],""sleep_manually_duration"":0,""day_sleep_evaluation"":0,""sleep_nap_duration"":0,""avg_hr"":58,""sleep_score"":88,""avg_spo2"":96,""total_snore"":0,""max_spo2"":99,""long_sleep_evaluation"":7,""breath_quality"":94,""total_turn_over"":0,""min_spo2"":89,""total_snore_disturb"":0,""awake_count"":0,""total_body_move"":0,""max_hr"":94,""total_long_duration"":485,""min_hr"":48,""sleep_deep_duration"":126,""sleep_rem_duration"":82,""total_duration"":485,""sleep_awake_duration"":0}",1748776276
8283944169,default,daily_report,sleep,1748736000,"{""segment_details"":[{""sleep_light_duration"":171,""avg_hr"":61,""min_spo2"":95,""bedtime"":1748729460,""breath_quality"":96,""wake_up_time"":1748755200,""sleep_awake_duration"":0,""timezone"":8,""min_hr"":54,""awake_count"":0,""sleep_rem_duration"":108,""sleep_deep_duration"":150,""duration"":429,""max_hr"":96,""max_spo2"":98,""avg_spo2"":98}],""sleep_manually_duration"":0,""day_sleep_evaluation"":0,""sleep_light_duration"":171,""sleep_score"":85,""sleep_deep_duration"":150,""min_hr"":54,""awake_count"":0,""min_spo2"":95,""sleep_trace_duration"":0,""avg_spo2"":98,""total_long_duration"":429,""breath_quality"":96,""total_turn_over"":0,""total_body_move"":0,""sleep_awake_duration"":0,""sleep_nap_duration"":0,""avg_hr"":61,""sleep_rem_duration"":108,""total_duration"":429,""total_snore_disturb"":0,""total_snore"":0,""max_hr"":96,""max_spo2"":98,""long_sleep_evaluation"":3}",1748834049
8283944169,default,daily_report,sleep,1748822400,"{""segment_details"":[{""sleep_light_duration"":140,""avg_hr"":69,""duration"":256,""sleep_deep_duration"":72,""avg_spo2"":98,""min_spo2"":94,""timezone"":8,""sleep_rem_duration"":44,""awake_count"":0,""breath_quality"":97,""min_hr"":56,""bedtime"":1748816040,""max_spo2"":99,""wake_up_time"":1748831400,""sleep_awake_duration"":0,""max_hr"":94}],""sleep_manually_duration"":0,""day_sleep_evaluation"":0,""sleep_light_duration"":140,""sleep_deep_duration"":72,""sleep_score"":68,""min_hr"":56,""awake_count"":0,""min_spo2"":94,""avg_spo2"":98,""sleep_trace_duration"":0,""total_long_duration"":256,""breath_quality"":97,""total_turn_over"":0,""total_body_move"":0,""sleep_awake_duration"":0,""sleep_nap_duration"":0,""avg_hr"":69,""sleep_rem_duration"":44,""total_duration"":256,""total_snore_disturb"":0,""total_snore"":0,""max_hr"":94,""max_spo2"":99,""long_sleep_evaluation"":4}",1748924526
8283944169,default,daily_report,sleep,1748908800,"{""max_spo2"":99,""total_turn_over"":0,""avg_hr"":60,""max_hr"":92,""avg_spo2"":97,""sleep_rem_duration"":85,""sleep_awake_duration"":0,""sleep_score"":81,""total_duration"":561,""sleep_light_duration"":304,""long_sleep_evaluation"":26,""breath_quality"":97,""sleep_nap_duration"":0,""sleep_manually_duration"":0,""sleep_deep_duration"":172,""segment_details"":[{""min_spo2"":94,""wake_up_time"":1748924400,""breath_quality"":97,""awake_count"":0,""sleep_light_duration"":304,""timezone"":8,""bedtime"":1748890740,""sleep_rem_duration"":85,""max_spo2"":99,""avg_hr"":60,""duration"":561,""min_hr"":51,""sleep_deep_duration"":172,""max_hr"":92,""sleep_awake_duration"":0,""avg_spo2"":97}],""awake_count"":0,""day_sleep_evaluation"":0,""total_snore_disturb"":0,""sleep_trace_duration"":0,""min_hr"":51,""total_long_duration"":561,""total_body_move"":0,""total_snore"":0,""min_spo2"":94}",1749024947
8283944169,default,daily_report,sleep,1748995200,"{""sleep_score"":80,""min_spo2"":90,""breath_quality"":97,""total_body_move"":0,""sleep_nap_duration"":0,""avg_spo2"":97,""sleep_deep_duration"":110,""total_turn_over"":0,""segment_details"":[{""min_spo2"":90,""bedtime"":1748985120,""sleep_rem_duration"":69,""max_spo2"":99,""duration"":463,""sleep_deep_duration"":110,""avg_hr"":61,""timezone"":8,""wake_up_time"":1749012900,""sleep_awake_duration"":0,""awake_count"":0,""breath_quality"":97,""sleep_light_duration"":284,""avg_spo2"":97,""min_hr"":53,""max_hr"":85}],""awake_count"":0,""max_spo2"":99,""sleep_manually_duration"":0,""avg_hr"":61,""min_hr"":53,""total_duration"":463,""sleep_awake_duration"":0,""sleep_rem_duration"":69,""total_snore_disturb"":0,""long_sleep_evaluation"":7,""total_snore"":0,""day_sleep_evaluation"":0,""sleep_light_duration"":284,""sleep_trace_duration"":0,""max_hr"":85,""total_long_duration"":463}",1749110380
8283944169,default,daily_report,sleep,1749168000,"{""max_hr"":101,""total_snore_disturb"":0,""sleep_rem_duration"":72,""total_duration"":419,""sleep_trace_duration"":0,""segment_details"":[{""max_hr"":101,""min_spo2"":94,""min_hr"":57,""bedtime"":1749154740,""duration"":419,""avg_hr"":68,""sleep_rem_duration"":72,""sleep_light_duration"":239,""sleep_awake_duration"":0,""timezone"":8,""avg_spo2"":98,""awake_count"":0,""sleep_deep_duration"":108,""max_spo2"":99,""wake_up_time"":1749179880,""breath_quality"":0}],""long_sleep_evaluation"":1,""total_turn_over"":0,""breath_quality"":0,""sleep_light_duration"":239,""total_body_move"":0,""total_long_duration"":419,""avg_hr"":68,""sleep_manually_duration"":0,""awake_count"":0,""max_spo2"":99,""sleep_nap_duration"":0,""day_sleep_evaluation"":0,""avg_spo2"":98,""sleep_deep_duration"":108,""sleep_awake_duration"":0,""min_hr"":57,""total_snore"":0,""min_spo2"":94,""sleep_score"":86}",1749271755
8283944169,default,daily_report,sleep,1749340800,"{""sleep_manually_duration"":0,""sleep_score"":84,""sleep_awake_duration"":0,""total_duration"":513,""min_spo2"":94,""total_long_duration"":513,""breath_quality"":99,""avg_hr"":57,""total_turn_over"":0,""segment_details"":[{""awake_count"":0,""breath_quality"":99,""timezone"":8,""avg_spo2"":97,""sleep_rem_duration"":87,""max_spo2"":99,""max_hr"":88,""min_spo2"":94,""sleep_awake_duration"":0,""wake_up_time"":1749360840,""avg_hr"":57,""sleep_deep_duration"":133,""sleep_light_duration"":293,""duration"":513,""min_hr"":48,""bedtime"":1749330060}],""max_hr"":88,""sleep_deep_duration"":133,""min_hr"":48,""sleep_light_duration"":293,""sleep_rem_duration"":87,""avg_spo2"":97,""long_sleep_evaluation"":25,""total_snore_disturb"":0,""sleep_nap_duration"":0,""total_snore"":0,""sleep_trace_duration"":0,""total_body_move"":0,""awake_count"":0,""day_sleep_evaluation"":0,""max_spo2"":99}",1749448114
8283944169,default,daily_report,sleep,1749427200,"{""sleep_rem_duration"":51,""sleep_nap_duration"":0,""min_spo2"":96,""total_body_move"":0,""total_turn_over"":0,""segment_details"":[{""awake_count"":0,""sleep_deep_duration"":177,""avg_hr"":55,""min_hr"":47,""max_spo2"":99,""wake_up_time"":1749442560,""avg_spo2"":98,""sleep_rem_duration"":51,""min_spo2"":96,""duration"":469,""breath_quality"":97,""timezone"":8,""sleep_light_duration"":241,""max_hr"":83,""bedtime"":1749414420,""sleep_awake_duration"":0}],""long_sleep_evaluation"":7,""avg_spo2"":98,""avg_hr"":55,""min_hr"":47,""sleep_awake_duration"":0,""sleep_deep_duration"":177,""total_snore_disturb"":0,""sleep_light_duration"":241,""total_duration"":469,""sleep_trace_duration"":0,""total_snore"":0,""sleep_score"":92,""sleep_manually_duration"":0,""max_hr"":83,""total_long_duration"":469,""breath_quality"":97,""max_spo2"":99,""awake_count"":0,""day_sleep_evaluation"":0}",1749448114
8283944169,default,daily_report,sleep,1749600000,"{""max_spo2"":99,""sleep_awake_duration"":0,""min_spo2"":93,""total_snore"":0,""awake_count"":0,""sleep_light_duration"":278,""sleep_rem_duration"":65,""max_hr"":120,""total_snore_disturb"":0,""total_duration"":503,""avg_spo2"":97,""total_long_duration"":503,""sleep_deep_duration"":160,""total_body_move"":0,""segment_details"":[{""awake_count"":0,""min_spo2"":93,""sleep_awake_duration"":0,""sleep_deep_duration"":160,""min_hr"":52,""duration"":503,""max_hr"":120,""bedtime"":1749584640,""timezone"":8,""wake_up_time"":1749614820,""sleep_rem_duration"":65,""max_spo2"":99,""breath_quality"":98,""avg_spo2"":97,""sleep_light_duration"":278,""avg_hr"":60}],""min_hr"":52,""total_turn_over"":0,""day_sleep_evaluation"":0,""long_sleep_evaluation"":7,""sleep_score"":88,""avg_hr"":60,""sleep_manually_duration"":0,""sleep_trace_duration"":0,""breath_quality"":98,""sleep_nap_duration"":0}",1750246513
8283944169,default,daily_report,sleep,1749686400,"{""breath_quality"":98,""sleep_nap_duration"":0,""sleep_light_duration"":198,""max_hr"":81,""total_snore"":0,""total_long_duration"":337,""sleep_rem_duration"":50,""total_duration"":337,""long_sleep_evaluation"":7,""sleep_trace_duration"":0,""sleep_score"":71,""day_sleep_evaluation"":0,""min_spo2"":94,""min_hr"":41,""max_spo2"":99,""avg_spo2"":97,""sleep_deep_duration"":89,""sleep_manually_duration"":0,""total_snore_disturb"":0,""awake_count"":0,""total_turn_over"":0,""segment_details"":[{""timezone"":8,""duration"":337,""wake_up_time"":1749698520,""breath_quality"":98,""sleep_deep_duration"":89,""min_hr"":41,""max_hr"":81,""min_spo2"":94,""sleep_awake_duration"":0,""sleep_light_duration"":198,""sleep_rem_duration"":50,""awake_count"":0,""avg_spo2"":97,""avg_hr"":60,""max_spo2"":99,""bedtime"":1749678300}],""avg_hr"":60,""total_body_move"":0,""sleep_awake_duration"":0}",1750246517
8283944169,default,daily_report,sleep,1749772800,"{""day_sleep_evaluation"":1,""sleep_trace_duration"":0,""sleep_light_duration"":280,""sleep_score"":87,""sleep_manually_duration"":0,""sleep_awake_duration"":0,""min_spo2"":94,""max_spo2"":98,""total_long_duration"":491,""max_hr"":109,""sleep_deep_duration"":157,""total_snore_disturb"":0,""total_turn_over"":0,""long_sleep_evaluation"":5,""min_hr"":34,""total_snore"":0,""awake_count"":0,""avg_hr"":74,""avg_spo2"":96,""sleep_nap_duration"":234,""sleep_rem_duration"":54,""total_duration"":725,""total_body_move"":0,""segment_details"":[{""sleep_deep_duration"":157,""max_spo2"":98,""min_hr"":49,""max_hr"":96,""breath_quality"":0,""duration"":491,""avg_hr"":58,""min_spo2"":94,""sleep_rem_duration"":54,""avg_spo2"":96,""wake_up_time"":1749791460,""bedtime"":1749762000,""sleep_light_duration"":280,""timezone"":8,""sleep_awake_duration"":0,""awake_count"":0},{""awake_count"":0,""sleep_awake_duration"":0,""min_spo2"":95,""sleep_deep_duration"":0,""duration"":45,""max_hr"":109,""wake_up_time"":1749822840,""bedtime"":1749820140,""timezone"":8,""min_hr"":85,""sleep_light_duration"":0,""sleep_rem_duration"":0,""max_spo2"":97,""avg_spo2"":96,""avg_hr"":91},{""awake_count"":0,""sleep_light_duration"":0,""avg_hr"":59,""avg_spo2"":97,""wake_up_time"":1749830520,""sleep_awake_duration"":0,""min_hr"":34,""sleep_deep_duration"":0,""max_spo2"":98,""sleep_rem_duration"":0,""max_hr"":91,""timezone"":8,""duration"":46,""bedtime"":1749827760,""min_spo2"":97},{""max_hr"":101,""min_hr"":78,""wake_up_time"":1749844800,""sleep_light_duration"":0,""timezone"":8,""max_spo2"":98,""bedtime"":1749836220,""duration"":143,""sleep_rem_duration"":0,""min_spo2"":94,""sleep_deep_duration"":0,""avg_hr"":88,""avg_spo2"":96,""awake_count"":0,""sleep_awake_duration"":0}],""breath_quality"":0}",1750246526
8283944169,default,daily_report,sleep,1749859200,"{""min_spo2"":94,""awake_count"":0,""total_duration"":172,""avg_hr"":88,""sleep_manually_duration"":0,""sleep_nap_duration"":172,""min_hr"":68,""sleep_score"":40,""total_body_move"":0,""total_snore_disturb"":0,""segment_details"":[{""duration"":172,""sleep_rem_duration"":0,""max_spo2"":98,""max_hr"":106,""min_spo2"":94,""sleep_awake_duration"":0,""min_hr"":68,""avg_hr"":88,""bedtime"":1749858240,""wake_up_time"":1749868560,""sleep_deep_duration"":0,""avg_spo2"":96,""sleep_light_duration"":0,""awake_count"":0,""timezone"":8}],""sleep_light_duration"":0,""breath_quality"":0,""day_sleep_evaluation"":5,""long_sleep_evaluation"":0,""total_turn_over"":0,""avg_spo2"":96,""sleep_awake_duration"":0,""total_snore"":0,""sleep_deep_duration"":0,""max_spo2"":98,""max_hr"":106,""sleep_rem_duration"":0,""sleep_trace_duration"":0,""total_long_duration"":0}",1750246533
8283944169,default,daily_report,sleep,1749945600,"{""segment_details"":[{""sleep_deep_duration"":116,""max_spo2"":99,""min_hr"":51,""max_hr"":89,""breath_quality"":94,""duration"":428,""avg_hr"":61,""min_spo2"":94,""sleep_rem_duration"":64,""avg_spo2"":97,""wake_up_time"":1749974220,""bedtime"":1749948540,""sleep_light_duration"":248,""timezone"":8,""sleep_awake_duration"":0,""awake_count"":0}],""sleep_light_duration"":248,""sleep_nap_duration"":0,""min_spo2"":94,""sleep_deep_duration"":116,""breath_quality"":94,""sleep_trace_duration"":0,""sleep_rem_duration"":64,""max_hr"":89,""total_turn_over"":0,""total_snore_disturb"":0,""avg_hr"":61,""day_sleep_evaluation"":0,""total_snore"":0,""avg_spo2"":97,""min_hr"":51,""long_sleep_evaluation"":20,""awake_count"":0,""sleep_score"":75,""total_long_duration"":428,""max_spo2"":99,""sleep_manually_duration"":0,""total_body_move"":0,""total_duration"":428,""sleep_awake_duration"":0}",1750246538
8283944169,default,daily_report,sleep,1750118400,"{""awake_count"":1,""total_long_duration"":540,""sleep_manually_duration"":0,""sleep_rem_duration"":82,""sleep_light_duration"":268,""avg_hr"":53,""total_duration"":540,""min_spo2"":93,""sleep_awake_duration"":5,""total_snore_disturb"":0,""sleep_nap_duration"":0,""breath_quality"":96,""day_sleep_evaluation"":0,""long_sleep_evaluation"":19,""total_snore"":0,""total_body_move"":0,""min_hr"":44,""avg_spo2"":96,""max_spo2"":98,""segment_details"":[{""avg_hr"":53,""sleep_light_duration"":268,""breath_quality"":96,""timezone"":8,""avg_spo2"":96,""min_spo2"":93,""awake_count"":1,""max_hr"":81,""sleep_awake_duration"":5,""duration"":540,""wake_up_time"":1750135680,""bedtime"":1750102980,""max_spo2"":98,""sleep_deep_duration"":190,""sleep_rem_duration"":82,""min_hr"":44}],""sleep_score"":85,""sleep_deep_duration"":190,""sleep_trace_duration"":0,""max_hr"":81,""total_turn_over"":0}",1750246550
8283944169,default,daily_report,sleep,1750204800,"{""total_body_move"":0,""max_spo2"":98,""awake_count"":1,""max_hr"":98,""total_snore"":0,""day_sleep_evaluation"":0,""total_turn_over"":0,""breath_quality"":96,""total_duration"":511,""avg_hr"":53,""min_hr"":45,""sleep_rem_duration"":97,""sleep_manually_duration"":0,""sleep_deep_duration"":169,""avg_spo2"":96,""min_spo2"":94,""total_long_duration"":511,""sleep_nap_duration"":0,""total_snore_disturb"":0,""long_sleep_evaluation"":3,""segment_details"":[{""bedtime"":1750194180,""avg_spo2"":96,""max_spo2"":98,""max_hr"":98,""timezone"":8,""sleep_deep_duration"":169,""duration"":511,""sleep_awake_duration"":1,""avg_hr"":53,""breath_quality"":96,""min_spo2"":94,""awake_count"":1,""wake_up_time"":1750224900,""min_hr"":45,""sleep_rem_duration"":97,""sleep_light_duration"":245}],""sleep_light_duration"":245,""sleep_score"":84,""sleep_trace_duration"":0,""sleep_awake_duration"":1}",1750246505
8283944169,default,daily_report,intensity,1747267200,"{""duration"":20}",1747375671
8283944169,default,daily_report,intensity,1747353600,"{""duration"":35}",1747471386
8283944169,default,daily_report,intensity,1747440000,"{""duration"":17}",1747634825
8283944169,default,daily_report,intensity,1747526400,"{""duration"":33}",1747634862
8283944169,default,daily_report,intensity,1747612800,"{""duration"":26}",1747721110
8283944169,default,daily_report,intensity,1747699200,"{""duration"":50}",1747810934
8283944169,default,daily_report,intensity,1747785600,"{""duration"":11}",1747982589
8283944169,default,daily_report,intensity,1747872000,"{""duration"":10}",1747982589
8283944169,default,daily_report,intensity,1747958400,"{""duration"":94}",1748064257
8283944169,default,daily_report,intensity,1748044800,"{""duration"":13}",1748281869
8283944169,default,daily_report,intensity,1748217600,"{""duration"":18}",1748381281
8283944169,default,daily_report,intensity,1748304000,"{""duration"":29}",1748384878
8283944169,default,daily_report,intensity,1748390400,"{""duration"":18}",1748776259
8283944169,default,daily_report,intensity,1748822400,"{""duration"":17}",1748924526
8283944169,default,daily_report,intensity,1748908800,"{""duration"":28}",1749024947
8283944169,default,daily_report,intensity,1749081600,"{""duration"":36}",1749182321
8283944169,default,daily_report,intensity,1749168000,"{""duration"":18}",1749271755
8283944169,default,daily_report,intensity,1749427200,"{""duration"":22}",1749494667
8283944169,default,daily_report,intensity,1749686400,"{""duration"":35}",1750246513
8283944169,default,daily_report,intensity,1749772800,"{""duration"":90}",1750246513
8283944169,default,daily_report,intensity,1749859200,"{""duration"":65}",1750246517
8283944169,default,daily_report,intensity,1749945600,"{""duration"":27}",1750246521
8283944169,default,daily_report,heart_rate,1747267200,"{""max_hr"":120,""aerobic_hr_zone_duration"":0,""anaerobic_hr_zone_duration"":0,""latest_hr"":{""time"":1747353540,""bpm"":53},""fat_burning_hr_zone_duration"":1,""warm_up_hr_zone_duration"":23,""extreme_hr_zone_duration"":0,""avg_rhr"":64,""abnormal_hr_count"":0,""avg_hr"":88,""min_hr"":53}",1747375671
8283944169,default,daily_report,heart_rate,1747353600,"{""min_hr"":52,""extreme_hr_zone_duration"":0,""avg_rhr"":70,""max_hr"":121,""latest_hr"":{""time"":1747439700,""bpm"":63},""warm_up_hr_zone_duration"":30,""abnormal_hr_count"":0,""anaerobic_hr_zone_duration"":0,""aerobic_hr_zone_duration"":0,""fat_burning_hr_zone_duration"":1,""avg_hr"":80}",1747471386
8283944169,default,daily_report,heart_rate,1747440000,"{""aerobic_hr_zone_duration"":0,""max_hr"":113,""extreme_hr_zone_duration"":0,""avg_hr"":77,""latest_hr"":{""time"":1747526280,""bpm"":59},""avg_rhr"":63,""anaerobic_hr_zone_duration"":0,""abnormal_hr_count"":0,""warm_up_hr_zone_duration"":17,""min_hr"":52,""fat_burning_hr_zone_duration"":0}",1747634825
8283944169,default,daily_report,heart_rate,1747526400,"{""max_hr"":117,""anaerobic_hr_zone_duration"":0,""fat_burning_hr_zone_duration"":0,""abnormal_hr_count"":0,""avg_rhr"":67,""extreme_hr_zone_duration"":0,""avg_hr"":77,""latest_hr"":{""time"":1747612320,""bpm"":66},""min_hr"":53,""aerobic_hr_zone_duration"":0,""warm_up_hr_zone_duration"":14}",1747634862
8283944169,default,daily_report,heart_rate,1747612800,"{""anaerobic_hr_zone_duration"":0,""avg_hr"":82,""avg_rhr"":67,""warm_up_hr_zone_duration"":21,""latest_hr"":{""time"":1747698840,""bpm"":59},""max_hr"":120,""aerobic_hr_zone_duration"":0,""min_hr"":55,""abnormal_hr_count"":0,""extreme_hr_zone_duration"":0,""fat_burning_hr_zone_duration"":2}",1747721110
8283944169,default,daily_report,heart_rate,1747699200,"{""latest_hr"":{""time"":1747785120,""bpm"":63},""extreme_hr_zone_duration"":0,""abnormal_hr_count"":0,""min_hr"":43,""avg_hr"":87,""max_hr"":177,""aerobic_hr_zone_duration"":7,""warm_up_hr_zone_duration"":22,""anaerobic_hr_zone_duration"":1,""avg_rhr"":68,""fat_burning_hr_zone_duration"":11}",1747810934
8283944169,default,daily_report,heart_rate,1747785600,"{""avg_hr"":79,""min_hr"":56,""abnormal_hr_count"":0,""latest_hr"":{""time"":1747871700,""bpm"":83},""max_hr"":171,""aerobic_hr_zone_duration"":0,""extreme_hr_zone_duration"":0,""fat_burning_hr_zone_duration"":3,""avg_rhr"":67,""warm_up_hr_zone_duration"":13,""anaerobic_hr_zone_duration"":1}",1747982589
8283944169,default,daily_report,heart_rate,1747872000,"{""avg_hr"":76,""abnormal_hr_count"":0,""latest_hr"":{""bpm"":75,""time"":1747958220},""max_hr"":118,""min_hr"":53,""aerobic_hr_zone_duration"":0,""extreme_hr_zone_duration"":0,""fat_burning_hr_zone_duration"":0,""avg_rhr"":66,""warm_up_hr_zone_duration"":13,""anaerobic_hr_zone_duration"":0}",1747982592
8283944169,default,daily_report,heart_rate,1747958400,"{""fat_burning_hr_zone_duration"":4,""warm_up_hr_zone_duration"":63,""avg_rhr"":73,""aerobic_hr_zone_duration"":2,""min_hr"":53,""latest_hr"":{""bpm"":101,""time"":1748044380},""extreme_hr_zone_duration"":0,""abnormal_hr_count"":0,""anaerobic_hr_zone_duration"":0,""max_hr"":157,""avg_hr"":89}",1748064257
8283944169,default,daily_report,heart_rate,1748044800,"{""aerobic_hr_zone_duration"":0,""max_hr"":125,""avg_rhr"":68,""avg_hr"":82,""latest_hr"":{""time"":1748131080,""bpm"":67},""extreme_hr_zone_duration"":0,""fat_burning_hr_zone_duration"":2,""min_hr"":54,""abnormal_hr_count"":0,""warm_up_hr_zone_duration"":13,""anaerobic_hr_zone_duration"":0}",1748281873
8283944169,default,daily_report,heart_rate,1748131200,"{""extreme_hr_zone_duration"":0,""max_hr"":95,""aerobic_hr_zone_duration"":0,""warm_up_hr_zone_duration"":0,""abnormal_hr_count"":0,""fat_burning_hr_zone_duration"":0,""avg_rhr"":72,""min_hr"":53,""latest_hr"":{""time"":1748217480,""bpm"":68},""anaerobic_hr_zone_duration"":0,""avg_hr"":65}",1748281876
8283944169,default,daily_report,heart_rate,1748217600,"{""avg_hr"":81,""abnormal_hr_count"":0,""min_hr"":55,""aerobic_hr_zone_duration"":1,""avg_rhr"":63,""fat_burning_hr_zone_duration"":0,""latest_hr"":{""time"":1748302920,""bpm"":80},""extreme_hr_zone_duration"":0,""max_hr"":166,""anaerobic_hr_zone_duration"":2,""warm_up_hr_zone_duration"":12}",1748381281
8283944169,default,daily_report,heart_rate,1748304000,"{""avg_hr"":93,""warm_up_hr_zone_duration"":29,""aerobic_hr_zone_duration"":0,""fat_burning_hr_zone_duration"":1,""avg_rhr"":73,""min_hr"":54,""extreme_hr_zone_duration"":0,""anaerobic_hr_zone_duration"":1,""max_hr"":163,""abnormal_hr_count"":0,""latest_hr"":{""time"":1748371560,""bpm"":85}}",1748384878
8283944169,default,daily_report,heart_rate,1748390400,"{""anaerobic_hr_zone_duration"":0,""avg_rhr"":65,""avg_hr"":80,""min_hr"":55,""warm_up_hr_zone_duration"":11,""max_hr"":151,""aerobic_hr_zone_duration"":1,""abnormal_hr_count"":0,""extreme_hr_zone_duration"":0,""fat_burning_hr_zone_duration"":2,""latest_hr"":{""bpm"":58,""time"":1748476680}}",1748776263
8283944169,default,daily_report,heart_rate,1748476800,"{""warm_up_hr_zone_duration"":0,""min_hr"":49,""max_hr"":81,""avg_hr"":60,""anaerobic_hr_zone_duration"":0,""fat_burning_hr_zone_duration"":0,""extreme_hr_zone_duration"":0,""aerobic_hr_zone_duration"":0,""latest_hr"":{""bpm"":59,""time"":1748562540},""abnormal_hr_count"":0,""avg_rhr"":0}",1748776266
8283944169,default,daily_report,heart_rate,1748563200,"{""abnormal_hr_count"":0,""aerobic_hr_zone_duration"":0,""max_hr"":83,""warm_up_hr_zone_duration"":0,""min_hr"":50,""fat_burning_hr_zone_duration"":0,""latest_hr"":{""time"":1748648940,""bpm"":58},""avg_rhr"":0,""extreme_hr_zone_duration"":0,""avg_hr"":59,""anaerobic_hr_zone_duration"":0}",1748776266
8283944169,default,daily_report,heart_rate,1748649600,"{""aerobic_hr_zone_duration"":0,""extreme_hr_zone_duration"":0,""max_hr"":63,""anaerobic_hr_zone_duration"":0,""fat_burning_hr_zone_duration"":0,""abnormal_hr_count"":0,""warm_up_hr_zone_duration"":0,""avg_rhr"":0,""min_hr"":51,""latest_hr"":{""time"":1748674740,""bpm"":59},""avg_hr"":57}",1748776272
8283944169,default,daily_report,heart_rate,1748736000,"{""max_hr"":95,""fat_burning_hr_zone_duration"":0,""extreme_hr_zone_duration"":0,""min_hr"":56,""abnormal_hr_count"":0,""latest_hr"":{""time"":1748822100,""bpm"":95},""avg_hr"":61,""avg_rhr"":0,""anaerobic_hr_zone_duration"":0,""aerobic_hr_zone_duration"":0,""warm_up_hr_zone_duration"":0}",1748834049
8283944169,default,daily_report,heart_rate,1748822400,"{""min_hr"":60,""avg_hr"":69,""warm_up_hr_zone_duration"":0,""avg_rhr"":0,""aerobic_hr_zone_duration"":0,""extreme_hr_zone_duration"":0,""abnormal_hr_count"":0,""latest_hr"":{""bpm"":62,""time"":1748908080},""anaerobic_hr_zone_duration"":0,""fat_burning_hr_zone_duration"":0,""max_hr"":93}",1748924526
8283944169,default,daily_report,heart_rate,1748908800,"{""aerobic_hr_zone_duration"":4,""max_hr"":187,""avg_hr"":91,""warm_up_hr_zone_duration"":7,""extreme_hr_zone_duration"":4,""abnormal_hr_count"":0,""avg_rhr"":63,""latest_hr"":{""bpm"":65,""time"":1748994780},""anaerobic_hr_zone_duration"":10,""fat_burning_hr_zone_duration"":5,""min_hr"":51}",1749024947
8283944169,default,daily_report,heart_rate,1748995200,"{""max_hr"":116,""aerobic_hr_zone_duration"":0,""avg_hr"":70,""anaerobic_hr_zone_duration"":0,""fat_burning_hr_zone_duration"":0,""warm_up_hr_zone_duration"":4,""latest_hr"":{""bpm"":86,""time"":1749037920},""extreme_hr_zone_duration"":0,""min_hr"":54,""abnormal_hr_count"":0,""avg_rhr"":75}",1749110380
8283944169,default,daily_report,heart_rate,1749081600,"{""fat_burning_hr_zone_duration"":0,""warm_up_hr_zone_duration"":22,""latest_hr"":{""bpm"":66,""time"":1749167340},""avg_rhr"":71,""max_hr"":118,""abnormal_hr_count"":0,""extreme_hr_zone_duration"":0,""aerobic_hr_zone_duration"":0,""anaerobic_hr_zone_duration"":0,""avg_hr"":89,""min_hr"":64}",1749182321
8283944169,default,daily_report,heart_rate,1749168000,"{""warm_up_hr_zone_duration"":23,""max_hr"":124,""min_hr"":59,""latest_hr"":{""time"":1749228060,""bpm"":117},""extreme_hr_zone_duration"":0,""anaerobic_hr_zone_duration"":0,""aerobic_hr_zone_duration"":0,""avg_hr"":87,""fat_burning_hr_zone_duration"":1,""avg_rhr"":77,""abnormal_hr_count"":0}",1749271755
8283944169,default,daily_report,heart_rate,1749254400,"{""avg_hr"":69,""min_hr"":54,""latest_hr"":{""time"":1749340320,""bpm"":54},""anaerobic_hr_zone_duration"":0,""extreme_hr_zone_duration"":0,""fat_burning_hr_zone_duration"":0,""aerobic_hr_zone_duration"":0,""warm_up_hr_zone_duration"":0,""avg_rhr"":0,""max_hr"":95,""abnormal_hr_count"":0}",1749364824
8283944169,default,daily_report,heart_rate,1749340800,"{""min_hr"":49,""avg_rhr"":0,""fat_burning_hr_zone_duration"":0,""anaerobic_hr_zone_duration"":0,""extreme_hr_zone_duration"":0,""latest_hr"":{""bpm"":59,""time"":1749427020},""abnormal_hr_count"":0,""aerobic_hr_zone_duration"":0,""warm_up_hr_zone_duration"":1,""avg_hr"":59,""max_hr"":101}",1749448114
8283944169,default,daily_report,heart_rate,1749427200,"{""abnormal_hr_count"":0,""extreme_hr_zone_duration"":2,""avg_rhr"":0,""aerobic_hr_zone_duration"":7,""warm_up_hr_zone_duration"":4,""max_hr"":183,""latest_hr"":{""bpm"":87,""time"":1749478080},""anaerobic_hr_zone_duration"":1,""min_hr"":49,""avg_hr"":86,""fat_burning_hr_zone_duration"":8}",1749494667
8283944169,default,daily_report,heart_rate,1749686400,"{""anaerobic_hr_zone_duration"":0,""max_hr"":149,""avg_hr"":88,""fat_burning_hr_zone_duration"":12,""latest_hr"":{""bpm"":57,""time"":1749772500},""min_hr"":56,""abnormal_hr_count"":0,""aerobic_hr_zone_duration"":3,""avg_rhr"":0,""extreme_hr_zone_duration"":0,""warm_up_hr_zone_duration"":19}",1750246513
8283944169,default,daily_report,heart_rate,1749772800,"{""avg_hr"":90,""warm_up_hr_zone_duration"":68,""aerobic_hr_zone_duration"":1,""min_hr"":33,""anaerobic_hr_zone_duration"":0,""avg_rhr"":0,""max_hr"":141,""abnormal_hr_count"":0,""extreme_hr_zone_duration"":0,""latest_hr"":{""time"":1749858720,""bpm"":131},""fat_burning_hr_zone_duration"":11}",1750246513
8283944169,default,daily_report,heart_rate,1749859200,"{""abnormal_hr_count"":0,""aerobic_hr_zone_duration"":0,""avg_rhr"":0,""avg_hr"":97,""extreme_hr_zone_duration"":0,""warm_up_hr_zone_duration"":51,""min_hr"":70,""max_hr"":167,""anaerobic_hr_zone_duration"":1,""latest_hr"":{""time"":1749926100,""bpm"":74},""fat_burning_hr_zone_duration"":4}",1750246517
8283944169,default,daily_report,heart_rate,1749945600,"{""min_hr"":54,""warm_up_hr_zone_duration"":39,""avg_hr"":86,""extreme_hr_zone_duration"":0,""fat_burning_hr_zone_duration"":2,""abnormal_hr_count"":0,""avg_rhr"":0,""latest_hr"":{""bpm"":103,""time"":1750021740},""max_hr"":146,""anaerobic_hr_zone_duration"":0,""aerobic_hr_zone_duration"":1}",1750246521
8283944169,default,daily_report,heart_rate,1750032000,"{""abnormal_hr_count"":0,""latest_hr"":{""time"":1750118280,""bpm"":51},""avg_hr"":62,""extreme_hr_zone_duration"":0,""max_hr"":88,""fat_burning_hr_zone_duration"":0,""min_hr"":51,""avg_rhr"":0,""anaerobic_hr_zone_duration"":0,""aerobic_hr_zone_duration"":0,""warm_up_hr_zone_duration"":0}",1750246521
8283944169,default,daily_report,heart_rate,1750118400,"{""aerobic_hr_zone_duration"":0,""latest_hr"":{""time"":1750204500,""bpm"":54},""anaerobic_hr_zone_duration"":0,""warm_up_hr_zone_duration"":0,""fat_burning_hr_zone_duration"":0,""avg_hr"":52,""max_hr"":75,""abnormal_hr_count"":0,""avg_rhr"":0,""min_hr"":46,""extreme_hr_zone_duration"":0}",1750246526
8283944169,default,daily_report,heart_rate,1750204800,"{""anaerobic_hr_zone_duration"":0,""abnormal_hr_count"":0,""avg_hr"":62,""extreme_hr_zone_duration"":0,""max_hr"":101,""warm_up_hr_zone_duration"":1,""min_hr"":48,""latest_hr"":{""bpm"":72,""time"":1750248600},""avg_rhr"":57,""aerobic_hr_zone_duration"":0,""fat_burning_hr_zone_duration"":0}",1750246505
8283944169,default,daily_report,calories,1747267200,"{""calories"":480,""goal"":500}",1747375671
8283944169,default,daily_report,calories,1747353600,"{""goal"":500,""calories"":491}",1747471386
8283944169,default,daily_report,calories,1747440000,"{""goal"":500,""calories"":516}",1747634825
8283944169,default,daily_report,calories,1747526400,"{""goal"":500,""calories"":275}",1747634862
8283944169,default,daily_report,calories,1747612800,"{""calories"":613,""goal"":500}",1747721110
8283944169,default,daily_report,calories,1747699200,"{""calories"":616,""goal"":500}",1747810934
8283944169,default,daily_report,calories,1747785600,"{""goal"":500,""calories"":370}",1747982589
8283944169,default,daily_report,calories,1747872000,"{""goal"":500,""calories"":384}",1747982589
8283944169,default,daily_report,calories,1747958400,"{""goal"":500,""calories"":719}",1748064257
8283944169,default,daily_report,calories,1748044800,"{""calories"":201,""goal"":500}",1748281869
8283944169,default,daily_report,calories,1748131200,"{""calories"":42,""goal"":500}",1748281873
8283944169,default,daily_report,calories,1748217600,"{""goal"":500,""calories"":184}",1748381281
8283944169,default,daily_report,calories,1748304000,"{""calories"":442,""goal"":500}",1748384878
8283944169,default,daily_report,calories,1748390400,"{""calories"":278,""goal"":500}",1748776259
8283944169,default,daily_report,calories,1748476800,"{""calories"":5,""goal"":500}",1748776263
8283944169,default,daily_report,calories,1748563200,"{""goal"":500,""calories"":5}",1748776266
8283944169,default,daily_report,calories,1748649600,"{""calories"":4,""goal"":500}",1748776272
8283944169,default,daily_report,calories,1748736000,"{""calories"":8,""goal"":500}",1748834049
8283944169,default,daily_report,calories,1748822400,"{""calories"":22,""goal"":500}",1748924526
8283944169,default,daily_report,calories,1748908800,"{""calories"":345,""goal"":500}",1749024938
8283944169,default,daily_report,calories,1748995200,"{""calories"":125,""goal"":500}",1749110380
8283944169,default,daily_report,calories,1749081600,"{""goal"":500,""calories"":483}",1749182321
8283944169,default,daily_report,calories,1749168000,"{""goal"":500,""calories"":432}",1749271755
8283944169,default,daily_report,calories,1749254400,"{""goal"":500,""calories"":29}",1749364824
8283944169,default,daily_report,calories,1749340800,"{""goal"":500,""calories"":17}",1749448114
8283944169,default,daily_report,calories,1749427200,"{""calories"":199,""goal"":500}",1749494667
8283944169,default,daily_report,calories,1749686400,"{""calories"":395,""goal"":500}",1750246513
8283944169,default,daily_report,calories,1749772800,"{""calories"":612,""goal"":500}",1750246513
8283944169,default,daily_report,calories,1749859200,"{""calories"":377,""goal"":500}",1750246517
8283944169,default,daily_report,calories,1749945600,"{""calories"":551,""goal"":500}",1750246521
8283944169,default,daily_report,calories,1750032000,"{""goal"":500,""calories"":5}",1750246521
8283944169,default,daily_report,calories,1750118400,"{""calories"":17,""goal"":500}",1750246526
8283944169,default,daily_report,calories,1750204800,"{""goal"":500,""calories"":97}",1750246505
8283944169,default,daily_mark,vitality,1747267200,"{""has_data"":true}",1747375670
8283944169,default,daily_mark,vitality,1747353600,"{""has_data"":true}",1747471385
8283944169,default,daily_mark,vitality,1747440000,"{""has_data"":true}",1747634824
8283944169,default,daily_mark,vitality,1747526400,"{""has_data"":true}",1747634861
8283944169,default,daily_mark,vitality,1747612800,"{""has_data"":true}",1747721109
8283944169,default,daily_mark,vitality,1747699200,"{""has_data"":true}",1747810933
8283944169,default,daily_mark,vitality,1747785600,"{""has_data"":true}",1747982588
8283944169,default,daily_mark,vitality,1747872000,"{""has_data"":true}",1747982591
8283944169,default,daily_mark,vitality,1747958400,"{""has_data"":true}",1748064256
8283944169,default,daily_mark,vitality,1748044800,"{""has_data"":true}",1748281872
8283944169,default,daily_mark,vitality,1748131200,"{""has_data"":true}",1748281875
8283944169,default,daily_mark,vitality,1748217600,"{""has_data"":true}",1748381274
8283944169,default,daily_mark,vitality,1748304000,"{""has_data"":true}",1748384877
8283944169,default,daily_mark,vitality,1748390400,"{""has_data"":true}",1748776263
8283944169,default,daily_mark,vitality,1748476800,"{""has_data"":true}",1748776265
8283944169,default,daily_mark,vitality,1748563200,"{""has_data"":true}",1748776266
8283944169,default,daily_mark,vitality,1748649600,"{""has_data"":true}",1748776272
8283944169,default,daily_mark,vitality,1748736000,"{""has_data"":true}",1748834048
8283944169,default,daily_mark,vitality,1748822400,"{""has_data"":true}",1748924525
8283944169,default,daily_mark,vitality,1748908800,"{""has_data"":true}",1749024946
8283944169,default,daily_mark,vitality,1748995200,"{""has_data"":true}",1749110379
8283944169,default,daily_mark,vitality,1749081600,"{""has_data"":true}",1749182320
8283944169,default,daily_mark,vitality,1749168000,"{""has_data"":true}",1749271755
8283944169,default,daily_mark,vitality,1749254400,"{""has_data"":true}",1749364823
8283944169,default,daily_mark,vitality,1749340800,"{""has_data"":true}",1749448113
8283944169,default,daily_mark,vitality,1749427200,"{""has_data"":true}",1749494666
8283944169,default,daily_mark,vitality,1750032000,"{""has_data"":true}",1750246521
8283944169,default,daily_mark,vitality,1750118400,"{""has_data"":true}",1750246525
8283944169,default,daily_mark,vitality,1750204800,"{""has_data"":true}",1750246550
8283944169,default,daily_mark,valid_stand,1747267200,"{""has_data"":true}",1747375671
8283944169,default,daily_mark,valid_stand,1747353600,"{""has_data"":true}",1747471385
8283944169,default,daily_mark,valid_stand,1747440000,"{""has_data"":true}",1747634824
8283944169,default,daily_mark,valid_stand,1747526400,"{""has_data"":true}",1747634862
8283944169,default,daily_mark,valid_stand,1747612800,"{""has_data"":true}",1747721109
8283944169,default,daily_mark,valid_stand,1747699200,"{""has_data"":true}",1747810933
8283944169,default,daily_mark,valid_stand,1747785600,"{""has_data"":true}",1747982588
8283944169,default,daily_mark,valid_stand,1747872000,"{""has_data"":true}",1747982591
8283944169,default,daily_mark,valid_stand,1747958400,"{""has_data"":true}",1748064256
8283944169,default,daily_mark,valid_stand,1748044800,"{""has_data"":true}",1748281872
8283944169,default,daily_mark,valid_stand,1748217600,"{""has_data"":true}",1748381274
8283944169,default,daily_mark,valid_stand,1748304000,"{""has_data"":true}",1748384877
8283944169,default,daily_mark,valid_stand,1748390400,"{""has_data"":true}",1748776263
8283944169,default,daily_mark,valid_stand,1748476800,"{""has_data"":true}",1748776266
8283944169,default,daily_mark,valid_stand,1748563200,"{""has_data"":true}",1748776266
8283944169,default,daily_mark,valid_stand,1748649600,"{""has_data"":true}",1748776272
8283944169,default,daily_mark,valid_stand,1748822400,"{""has_data"":true}",1748924525
8283944169,default,daily_mark,valid_stand,1748908800,"{""has_data"":true}",1749024946
8283944169,default,daily_mark,valid_stand,1748995200,"{""has_data"":true}",1749110379
8283944169,default,daily_mark,valid_stand,1749081600,"{""has_data"":true}",1749182320
8283944169,default,daily_mark,valid_stand,1749168000,"{""has_data"":true}",1749271755
8283944169,default,daily_mark,valid_stand,1749254400,"{""has_data"":true}",1749364823
8283944169,default,daily_mark,valid_stand,1749427200,"{""has_data"":true}",1749494666
8283944169,default,daily_mark,valid_stand,1750118400,"{""has_data"":true}",1750246525
8283944169,default,daily_mark,valid_stand,1750204800,"{""has_data"":true}",1750246504
8283944169,default,daily_mark,stress,1747267200,"{""has_data"":true}",1747375671
8283944169,default,daily_mark,stress,1747353600,"{""has_data"":true}",1747471385
8283944169,default,daily_mark,stress,1747440000,"{""has_data"":true}",1747634824
8283944169,default,daily_mark,stress,1747526400,"{""has_data"":true}",1747634860
8283944169,default,daily_mark,stress,1747612800,"{""has_data"":true}",1747721109
8283944169,default,daily_mark,stress,1747699200,"{""has_data"":true}",1747810933
8283944169,default,daily_mark,stress,1747785600,"{""has_data"":true}",1747982588
8283944169,default,daily_mark,stress,1747872000,"{""has_data"":true}",1747982588
8283944169,default,daily_mark,stress,1747958400,"{""has_data"":true}",1748064256
8283944169,default,daily_mark,stress,1748044800,"{""has_data"":true}",1748281868
8283944169,default,daily_mark,stress,1748131200,"{""has_data"":true}",1748281872
8283944169,default,daily_mark,stress,1748217600,"{""has_data"":true}",1748381274
8283944169,default,daily_mark,stress,1748304000,"{""has_data"":true}",1748384877
8283944169,default,daily_mark,stress,1748390400,"{""has_data"":true}",1748776258
8283944169,default,daily_mark,stress,1748476800,"{""has_data"":true}",1748776263
8283944169,default,daily_mark,stress,1748563200,"{""has_data"":true}",1748776266
8283944169,default,daily_mark,stress,1748649600,"{""has_data"":true}",1748776272
8283944169,default,daily_mark,stress,1748736000,"{""has_data"":true}",1748834048
8283944169,default,daily_mark,stress,1748822400,"{""has_data"":true}",1748924525
8283944169,default,daily_mark,stress,1748908800,"{""has_data"":true}",1749024946
8283944169,default,daily_mark,stress,1748995200,"{""has_data"":true}",1749110379
8283944169,default,daily_mark,stress,1749081600,"{""has_data"":true}",1749182320
8283944169,default,daily_mark,stress,1749168000,"{""has_data"":true}",1749271755
8283944169,default,daily_mark,stress,1749254400,"{""has_data"":true}",1749364823
8283944169,default,daily_mark,stress,1749340800,"{""has_data"":true}",1749448113
8283944169,default,daily_mark,stress,1749427200,"{""has_data"":true}",1749494666
8283944169,default,daily_mark,stress,1749686400,"{""has_data"":true}",1750246511
8283944169,default,daily_mark,stress,1749772800,"{""has_data"":true}",1750246512
8283944169,default,daily_mark,stress,1749859200,"{""has_data"":true}",1750246516
8283944169,default,daily_mark,stress,1749945600,"{""has_data"":true}",1750246521
8283944169,default,daily_mark,stress,1750032000,"{""has_data"":true}",1750246521
8283944169,default,daily_mark,stress,1750118400,"{""has_data"":true}",1750246525
8283944169,default,daily_mark,stress,1750204800,"{""has_data"":true}",1750246504
8283944169,default,daily_mark,steps,1747267200,"{""has_data"":true}",1747375671
8283944169,default,daily_mark,steps,1747353600,"{""has_data"":true}",1747471385
8283944169,default,daily_mark,steps,1747440000,"{""has_data"":true}",1747634824
8283944169,default,daily_mark,steps,1747526400,"{""has_data"":true}",1747634860
8283944169,default,daily_mark,steps,1747612800,"{""has_data"":true}",1747721109
8283944169,default,daily_mark,steps,1747699200,"{""has_data"":true}",1747810933
8283944169,default,daily_mark,steps,1747785600,"{""has_data"":true}",1747982588
8283944169,default,daily_mark,steps,1747872000,"{""has_data"":true}",1747982588
8283944169,default,daily_mark,steps,1747958400,"{""has_data"":true}",1748064256
8283944169,default,daily_mark,steps,1748044800,"{""has_data"":true}",1748281868
8283944169,default,daily_mark,steps,1748131200,"{""has_data"":true}",1748281872
8283944169,default,daily_mark,steps,1748217600,"{""has_data"":true}",1748381274
8283944169,default,daily_mark,steps,1748304000,"{""has_data"":true}",1748384877
8283944169,default,daily_mark,steps,1748390400,"{""has_data"":true}",1748776258
8283944169,default,daily_mark,steps,1748476800,"{""has_data"":true}",1748776263
8283944169,default,daily_mark,steps,1748563200,"{""has_data"":true}",1748776266
8283944169,default,daily_mark,steps,1748649600,"{""has_data"":true}",1748776272
8283944169,default,daily_mark,steps,1748736000,"{""has_data"":true}",1748834048
8283944169,default,daily_mark,steps,1748822400,"{""has_data"":true}",1748924525
8283944169,default,daily_mark,steps,1748908800,"{""has_data"":true}",1749024946
8283944169,default,daily_mark,steps,1748995200,"{""has_data"":true}",1749110379
8283944169,default,daily_mark,steps,1749081600,"{""has_data"":true}",1749182320
8283944169,default,daily_mark,steps,1749168000,"{""has_data"":true}",1749271755
8283944169,default,daily_mark,steps,1749254400,"{""has_data"":true}",1749364823
8283944169,default,daily_mark,steps,1749427200,"{""has_data"":true}",1749494666
8283944169,default,daily_mark,steps,1749686400,"{""has_data"":true}",1750246511
8283944169,default,daily_mark,steps,1749772800,"{""has_data"":true}",1750246512
8283944169,default,daily_mark,steps,1749859200,"{""has_data"":true}",1750246516
8283944169,default,daily_mark,steps,1749945600,"{""has_data"":true}",1750246521
8283944169,default,daily_mark,steps,1750032000,"{""has_data"":true}",1750246521
8283944169,default,daily_mark,steps,1750118400,"{""has_data"":true}",1750246525
8283944169,default,daily_mark,steps,1750204800,"{""has_data"":true}",1750246504
8283944169,default,daily_mark,spo2,1747267200,"{""has_data"":true}",1747375671
8283944169,default,daily_mark,spo2,1747353600,"{""has_data"":true}",1747471385
8283944169,default,daily_mark,spo2,1747440000,"{""has_data"":true}",1747634824
8283944169,default,daily_mark,spo2,1747526400,"{""has_data"":true}",1747634860
8283944169,default,daily_mark,spo2,1747612800,"{""has_data"":true}",1747721109
8283944169,default,daily_mark,spo2,1747699200,"{""has_data"":true}",1747810933
8283944169,default,daily_mark,spo2,1747785600,"{""has_data"":true}",1747982588
8283944169,default,daily_mark,spo2,1747872000,"{""has_data"":true}",1747982588
8283944169,default,daily_mark,spo2,1747958400,"{""has_data"":true}",1748064256
8283944169,default,daily_mark,spo2,1748044800,"{""has_data"":true}",1748281868
8283944169,default,daily_mark,spo2,1748131200,"{""has_data"":true}",1748281872
8283944169,default,daily_mark,spo2,1748217600,"{""has_data"":true}",1748381274
8283944169,default,daily_mark,spo2,1748304000,"{""has_data"":true}",1748384877
8283944169,default,daily_mark,spo2,1748390400,"{""has_data"":true}",1748776258
8283944169,default,daily_mark,spo2,1748476800,"{""has_data"":true}",1748776263
8283944169,default,daily_mark,spo2,1748563200,"{""has_data"":true}",1748776266
8283944169,default,daily_mark,spo2,1748649600,"{""has_data"":true}",1748776272
8283944169,default,daily_mark,spo2,1748736000,"{""has_data"":true}",1748834048
8283944169,default,daily_mark,spo2,1748822400,"{""has_data"":true}",1748924525
8283944169,default,daily_mark,spo2,1748908800,"{""has_data"":true}",1749024946
8283944169,default,daily_mark,spo2,1748995200,"{""has_data"":true}",1749110379
8283944169,default,daily_mark,spo2,1749081600,"{""has_data"":true}",1749182320
8283944169,default,daily_mark,spo2,1749168000,"{""has_data"":true}",1749271755
8283944169,default,daily_mark,spo2,1749254400,"{""has_data"":true}",1749364823
8283944169,default,daily_mark,spo2,1749340800,"{""has_data"":true}",1749448113
8283944169,default,daily_mark,spo2,1749427200,"{""has_data"":true}",1749494666
8283944169,default,daily_mark,spo2,1749686400,"{""has_data"":true}",1750246511
8283944169,default,daily_mark,spo2,1749772800,"{""has_data"":true}",1750246512
8283944169,default,daily_mark,spo2,1749859200,"{""has_data"":true}",1750246516
8283944169,default,daily_mark,spo2,1749945600,"{""has_data"":true}",1750246521
8283944169,default,daily_mark,spo2,1750032000,"{""has_data"":true}",1750246521
8283944169,default,daily_mark,spo2,1750118400,"{""has_data"":true}",1750246525
8283944169,default,daily_mark,spo2,1750204800,"{""has_data"":true}",1750246504
8283944169,default,daily_mark,sleep,1747353600,"{""has_data"":true}",1747471385
8283944169,default,daily_mark,sleep,1747440000,"{""has_data"":true}",1747634824
8283944169,default,daily_mark,sleep,1747526400,"{""has_data"":true}",1747634862
8283944169,default,daily_mark,sleep,1747612800,"{""has_data"":true}",1747721109
8283944169,default,daily_mark,sleep,1747699200,"{""has_data"":true}",1747810933
8283944169,default,daily_mark,sleep,1747785600,"{""has_data"":true}",1747982588
8283944169,default,daily_mark,sleep,1747872000,"{""has_data"":true}",1747982591
8283944169,default,daily_mark,sleep,1747958400,"{""has_data"":true}",1748064256
8283944169,default,daily_mark,sleep,1748044800,"{""has_data"":true}",1748281872
8283944169,default,daily_mark,sleep,1748131200,"{""has_data"":true}",1748281875
8283944169,default,daily_mark,sleep,1748217600,"{""has_data"":true}",1748381274
8283944169,default,daily_mark,sleep,1748390400,"{""has_data"":true}",1748776263
8283944169,default,daily_mark,sleep,1748476800,"{""has_data"":true}",1748776266
8283944169,default,daily_mark,sleep,1748563200,"{""has_data"":true}",1748776272
8283944169,default,daily_mark,sleep,1748649600,"{""has_data"":true}",1748776275
8283944169,default,daily_mark,sleep,1748736000,"{""has_data"":true}",1748834048
8283944169,default,daily_mark,sleep,1748822400,"{""has_data"":true}",1748924525
8283944169,default,daily_mark,sleep,1748908800,"{""has_data"":true}",1749024946
8283944169,default,daily_mark,sleep,1748995200,"{""has_data"":true}",1749110379
8283944169,default,daily_mark,sleep,1749168000,"{""has_data"":true}",1749271755
8283944169,default,daily_mark,sleep,1749340800,"{""has_data"":true}",1749448113
8283944169,default,daily_mark,sleep,1749427200,"{""has_data"":true}",1749448113
8283944169,default,daily_mark,sleep,1749600000,"{""has_data"":true}",1750246512
8283944169,default,daily_mark,sleep,1749686400,"{""has_data"":true}",1750246516
8283944169,default,daily_mark,sleep,1749772800,"{""has_data"":true}",1750246525
8283944169,default,daily_mark,sleep,1749859200,"{""has_data"":true}",1750246532
8283944169,default,daily_mark,sleep,1749945600,"{""has_data"":true}",1750246537
8283944169,default,daily_mark,sleep,1750118400,"{""has_data"":true}",1750246550
8283944169,default,daily_mark,sleep,1750204800,"{""has_data"":true}",1750246504
8283944169,default,daily_mark,intensity,1747267200,"{""has_data"":true}",1747375671
8283944169,default,daily_mark,intensity,1747353600,"{""has_data"":true}",1747471385
8283944169,default,daily_mark,intensity,1747440000,"{""has_data"":true}",1747634824
8283944169,default,daily_mark,intensity,1747526400,"{""has_data"":true}",1747634860
8283944169,default,daily_mark,intensity,1747612800,"{""has_data"":true}",1747721109
8283944169,default,daily_mark,intensity,1747699200,"{""has_data"":true}",1747810933
8283944169,default,daily_mark,intensity,1747785600,"{""has_data"":true}",1747982588
8283944169,default,daily_mark,intensity,1747872000,"{""has_data"":true}",1747982588
8283944169,default,daily_mark,intensity,1747958400,"{""has_data"":true}",1748064256
8283944169,default,daily_mark,intensity,1748044800,"{""has_data"":true}",1748281868
8283944169,default,daily_mark,intensity,1748217600,"{""has_data"":true}",1748381274
8283944169,default,daily_mark,intensity,1748304000,"{""has_data"":true}",1748384877
8283944169,default,daily_mark,intensity,1748390400,"{""has_data"":true}",1748776258
8283944169,default,daily_mark,intensity,1748822400,"{""has_data"":true}",1748924525
8283944169,default,daily_mark,intensity,1748908800,"{""has_data"":true}",1749024946
8283944169,default,daily_mark,intensity,1749081600,"{""has_data"":true}",1749182320
8283944169,default,daily_mark,intensity,1749168000,"{""has_data"":true}",1749271755
8283944169,default,daily_mark,intensity,1749427200,"{""has_data"":true}",1749494666
8283944169,default,daily_mark,intensity,1749686400,"{""has_data"":true}",1750246511
8283944169,default,daily_mark,intensity,1749772800,"{""has_data"":true}",1750246512
8283944169,default,daily_mark,intensity,1749859200,"{""has_data"":true}",1750246516
8283944169,default,daily_mark,intensity,1749945600,"{""has_data"":true}",1750246521
8283944169,default,daily_mark,heart_rate,1747267200,"{""has_data"":true}",1747375671
8283944169,default,daily_mark,heart_rate,1747353600,"{""has_data"":true}",1747471385
8283944169,default,daily_mark,heart_rate,1747440000,"{""has_data"":true}",1747634824
8283944169,default,daily_mark,heart_rate,1747526400,"{""has_data"":true}",1747634862
8283944169,default,daily_mark,heart_rate,1747612800,"{""has_data"":true}",1747721109
8283944169,default,daily_mark,heart_rate,1747699200,"{""has_data"":true}",1747810933
8283944169,default,daily_mark,heart_rate,1747785600,"{""has_data"":true}",1747982588
8283944169,default,daily_mark,heart_rate,1747872000,"{""has_data"":true}",1747982591
8283944169,default,daily_mark,heart_rate,1747958400,"{""has_data"":true}",1748064256
8283944169,default,daily_mark,heart_rate,1748044800,"{""has_data"":true}",1748281872
8283944169,default,daily_mark,heart_rate,1748131200,"{""has_data"":true}",1748281875
8283944169,default,daily_mark,heart_rate,1748217600,"{""has_data"":true}",1748381274
8283944169,default,daily_mark,heart_rate,1748304000,"{""has_data"":true}",1748384877
8283944169,default,daily_mark,heart_rate,1748390400,"{""has_data"":true}",1748776263
8283944169,default,daily_mark,heart_rate,1748476800,"{""has_data"":true}",1748776266
8283944169,default,daily_mark,heart_rate,1748563200,"{""has_data"":true}",1748776266
8283944169,default,daily_mark,heart_rate,1748649600,"{""has_data"":true}",1748776272
8283944169,default,daily_mark,heart_rate,1748736000,"{""has_data"":true}",1748834048
8283944169,default,daily_mark,heart_rate,1748822400,"{""has_data"":true}",1748924525
8283944169,default,daily_mark,heart_rate,1748908800,"{""has_data"":true}",1749024946
8283944169,default,daily_mark,heart_rate,1748995200,"{""has_data"":true}",1749110379
8283944169,default,daily_mark,heart_rate,1749081600,"{""has_data"":true}",1749182320
8283944169,default,daily_mark,heart_rate,1749168000,"{""has_data"":true}",1749271755
8283944169,default,daily_mark,heart_rate,1749254400,"{""has_data"":true}",1749364823
8283944169,default,daily_mark,heart_rate,1749340800,"{""has_data"":true}",1749448113
8283944169,default,daily_mark,heart_rate,1749427200,"{""has_data"":true}",1749494666
8283944169,default,daily_mark,heart_rate,1749686400,"{""has_data"":true}",1750246511
8283944169,default,daily_mark,heart_rate,1749772800,"{""has_data"":true}",1750246512
8283944169,default,daily_mark,heart_rate,1749859200,"{""has_data"":true}",1750246516
8283944169,default,daily_mark,heart_rate,1749945600,"{""has_data"":true}",1750246521
8283944169,default,daily_mark,heart_rate,1750032000,"{""has_data"":true}",1750246521
8283944169,default,daily_mark,heart_rate,1750118400,"{""has_data"":true}",1750246525
8283944169,default,daily_mark,heart_rate,1750204800,"{""has_data"":true}",1750246504
8283944169,default,daily_mark,calories,1747267200,"{""has_data"":true}",1747375671
8283944169,default,daily_mark,calories,1747353600,"{""has_data"":true}",1747471385
8283944169,default,daily_mark,calories,1747440000,"{""has_data"":true}",1747634824
8283944169,default,daily_mark,calories,1747526400,"{""has_data"":true}",1747634860
8283944169,default,daily_mark,calories,1747612800,"{""has_data"":true}",1747721109
8283944169,default,daily_mark,calories,1747699200,"{""has_data"":true}",1747810933
8283944169,default,daily_mark,calories,1747785600,"{""has_data"":true}",1747982588
8283944169,default,daily_mark,calories,1747872000,"{""has_data"":true}",1747982588
8283944169,default,daily_mark,calories,1747958400,"{""has_data"":true}",1748064256
8283944169,default,daily_mark,calories,1748044800,"{""has_data"":true}",1748281868
8283944169,default,daily_mark,calories,1748131200,"{""has_data"":true}",1748281872
8283944169,default,daily_mark,calories,1748217600,"{""has_data"":true}",1748381274
8283944169,default,daily_mark,calories,1748304000,"{""has_data"":true}",1748384877
8283944169,default,daily_mark,calories,1748390400,"{""has_data"":true}",1748776258
8283944169,default,daily_mark,calories,1748476800,"{""has_data"":true}",1748776263
8283944169,default,daily_mark,calories,1748563200,"{""has_data"":true}",1748776266
8283944169,default,daily_mark,calories,1748649600,"{""has_data"":true}",1748776272
8283944169,default,daily_mark,calories,1748736000,"{""has_data"":true}",1748834048
8283944169,default,daily_mark,calories,1748822400,"{""has_data"":true}",1748924525
8283944169,default,daily_mark,calories,1748908800,"{""has_data"":true}",1749024946
8283944169,default,daily_mark,calories,1748995200,"{""has_data"":true}",1749110379
8283944169,default,daily_mark,calories,1749081600,"{""has_data"":true}",1749182320
8283944169,default,daily_mark,calories,1749168000,"{""has_data"":true}",1749271755
8283944169,default,daily_mark,calories,1749254400,"{""has_data"":true}",1749364823
8283944169,default,daily_mark,calories,1749340800,"{""has_data"":true}",1749448113
8283944169,default,daily_mark,calories,1749427200,"{""has_data"":true}",1749494666
8283944169,default,daily_mark,calories,1749686400,"{""has_data"":true}",1750246511
8283944169,default,daily_mark,calories,1749772800,"{""has_data"":true}",1750246512
8283944169,default,daily_mark,calories,1749859200,"{""has_data"":true}",1750246516
8283944169,default,daily_mark,calories,1749945600,"{""has_data"":true}",1750246521
8283944169,default,daily_mark,calories,1750032000,"{""has_data"":true}",1750246521
8283944169,default,daily_mark,calories,1750118400,"{""has_data"":true}",1750246525
8283944169,default,daily_mark,calories,1750204800,"{""has_data"":true}",1750246504
8283944169,default,daily_fitness,goal,1747267200,"{""goal_items"":[{""target_value"":6000,""achieved_value"":6061,""field"":1},{""field"":2,""achieved_value"":480,""target_value"":500},{""target_value"":30,""achieved_value"":20,""field"":4}],""date_time"":1747267200}",1747395982
8283944169,default,daily_fitness,goal,1747353600,"{""date_time"":1747353600,""goal_items"":[{""target_value"":6000,""achieved_value"":9345,""field"":1},{""field"":2,""target_value"":500,""achieved_value"":491},{""field"":4,""target_value"":30,""achieved_value"":35}]}",1747471384
8283944169,default,daily_fitness,goal,1747440000,"{""goal_items"":[{""field"":1,""target_value"":6000,""achieved_value"":11938},{""achieved_value"":516,""field"":2,""target_value"":500},{""field"":4,""target_value"":30,""achieved_value"":17}],""date_time"":1747440000}",1747517522
8283944169,default,daily_fitness,goal,1747526400,"{""date_time"":1747526400,""goal_items"":[{""field"":1,""target_value"":6000,""achieved_value"":6723},{""field"":2,""target_value"":500,""achieved_value"":275},{""field"":4,""target_value"":30,""achieved_value"":33}]}",1747634859
8283944169,default,daily_fitness,goal,1747612800,"{""goal_items"":[{""target_value"":6000,""achieved_value"":6266,""field"":1},{""achieved_value"":613,""target_value"":500,""field"":2},{""achieved_value"":26,""target_value"":30,""field"":4}],""date_time"":1747612800}",1747721107
8283944169,default,daily_fitness,goal,1747699200,"{""goal_items"":[{""achieved_value"":10020,""target_value"":6000,""field"":1},{""target_value"":500,""field"":2,""achieved_value"":616},{""achieved_value"":50,""field"":4,""target_value"":30}],""date_time"":1747699200}",1747810932
8283944169,default,daily_fitness,goal,1747785600,"{""goal_items"":[{""field"":1,""target_value"":6000,""achieved_value"":4270},{""achieved_value"":370,""target_value"":500,""field"":2},{""achieved_value"":11,""field"":4,""target_value"":30}],""date_time"":1747785600}",1747982588
8283944169,default,daily_fitness,goal,1747872000,"{""goal_items"":[{""target_value"":6000,""field"":1,""achieved_value"":3682},{""field"":2,""target_value"":500,""achieved_value"":384},{""field"":4,""target_value"":30,""achieved_value"":10}],""date_time"":1747872000}",1747982588
8283944169,default,daily_fitness,goal,1747958400,"{""date_time"":1747958400,""goal_items"":[{""achieved_value"":16716,""field"":1,""target_value"":6000},{""target_value"":500,""field"":2,""achieved_value"":719},{""achieved_value"":94,""field"":4,""target_value"":30}]}",1748064255
8283944169,default,daily_fitness,goal,1748044800,"{""date_time"":1748044800,""goal_items"":[{""field"":1,""target_value"":6000,""achieved_value"":2882},{""target_value"":500,""achieved_value"":201,""field"":2},{""field"":4,""achieved_value"":13,""target_value"":30}]}",1748281871
8283944169,default,daily_fitness,goal,1748131200,"{""date_time"":1748131200,""goal_items"":[{""field"":1,""target_value"":6000,""achieved_value"":66},{""target_value"":500,""field"":2,""achieved_value"":42},{""field"":4,""achieved_value"":0,""target_value"":30}]}",1748281871
8283944169,default,daily_fitness,goal,1748217600,"{""goal_items"":[{""field"":1,""achieved_value"":2940,""target_value"":6000},{""achieved_value"":184,""field"":2,""target_value"":500},{""target_value"":30,""field"":4,""achieved_value"":18}],""date_time"":1748217600}",1748381249
8283944169,default,daily_fitness,goal,1748304000,"{""date_time"":1748304000,""goal_items"":[{""field"":1,""achieved_value"":6764,""target_value"":6000},{""target_value"":500,""achieved_value"":442,""field"":2},{""achieved_value"":29,""field"":4,""target_value"":30}]}",1748383079
8283944169,default,daily_fitness,goal,1748390400,"{""goal_items"":[{""field"":1,""target_value"":6000,""achieved_value"":4982},{""field"":2,""target_value"":500,""achieved_value"":278},{""field"":4,""target_value"":30,""achieved_value"":18}],""date_time"":1748390400}",1748776262
8283944169,default,daily_fitness,goal,1748476800,"{""goal_items"":[{""achieved_value"":88,""field"":1,""target_value"":6000},{""field"":2,""target_value"":500,""achieved_value"":5},{""achieved_value"":0,""target_value"":30,""field"":4}],""date_time"":1748476800}",1748776262
8283944169,default,daily_fitness,goal,1748563200,"{""date_time"":1748563200,""goal_items"":[{""field"":1,""target_value"":6000,""achieved_value"":65},{""field"":2,""target_value"":500,""achieved_value"":5},{""target_value"":30,""achieved_value"":0,""field"":4}]}",1748776271
8283944169,default,daily_fitness,goal,1748649600,"{""date_time"":1748649600,""goal_items"":[{""field"":1,""target_value"":6000,""achieved_value"":116},{""target_value"":500,""field"":2,""achieved_value"":4},{""achieved_value"":0,""field"":4,""target_value"":30}]}",1748776271
8283944169,default,daily_fitness,goal,1748736000,"{""date_time"":1748736000,""goal_items"":[{""field"":1,""achieved_value"":18,""target_value"":6000},{""field"":2,""target_value"":500,""achieved_value"":8},{""achieved_value"":0,""field"":4,""target_value"":30}]}",1748834047
8283944169,default,daily_fitness,goal,1748822400,"{""date_time"":1748822400,""goal_items"":[{""target_value"":6000,""achieved_value"":3622,""field"":1},{""field"":2,""target_value"":500,""achieved_value"":22},{""achieved_value"":17,""field"":4,""target_value"":30}]}",1748924524
8283944169,default,daily_fitness,goal,1748908800,"{""date_time"":1748908800,""goal_items"":[{""field"":1,""target_value"":6000,""achieved_value"":4808},{""target_value"":500,""achieved_value"":345,""field"":2},{""achieved_value"":28,""field"":4,""target_value"":30}]}",1749024945
8283944169,default,daily_fitness,goal,1748995200,"{""date_time"":1748995200,""goal_items"":[{""target_value"":6000,""field"":1,""achieved_value"":940},{""target_value"":500,""achieved_value"":125,""field"":2},{""field"":4,""achieved_value"":0,""target_value"":30}]}",1749110378
8283944169,default,daily_fitness,goal,1749081600,"{""date_time"":1749081600,""goal_items"":[{""target_value"":6000,""achieved_value"":7650,""field"":1},{""target_value"":500,""field"":2,""achieved_value"":483},{""field"":4,""target_value"":30,""achieved_value"":36}]}",1749153929
8283944169,default,daily_fitness,goal,1749168000,"{""date_time"":1749168000,""goal_items"":[{""achieved_value"":6352,""field"":1,""target_value"":6000},{""field"":2,""achieved_value"":432,""target_value"":500},{""target_value"":30,""achieved_value"":18,""field"":4}]}",1749234593
8283944169,default,daily_fitness,goal,1749254400,"{""date_time"":1749254400,""goal_items"":[{""target_value"":6000,""field"":1,""achieved_value"":168},{""field"":2,""target_value"":500,""achieved_value"":29},{""field"":4,""target_value"":30,""achieved_value"":0}]}",1749364823
8283944169,default,daily_fitness,goal,1749340800,"{""date_time"":1749340800,""goal_items"":[{""field"":1,""target_value"":6000,""achieved_value"":0},{""field"":2,""target_value"":500,""achieved_value"":17},{""target_value"":30,""field"":4,""achieved_value"":0}]}",1749448113
8283944169,default,daily_fitness,goal,1749427200,"{""date_time"":1749427200,""goal_items"":[{""target_value"":6000,""field"":1,""achieved_value"":3455},{""target_value"":500,""field"":2,""achieved_value"":199},{""achieved_value"":22,""field"":4,""target_value"":30}]}",1749487464
8283944169,default,daily_fitness,goal,1749686400,"{""goal_items"":[{""target_value"":6000,""achieved_value"":6302,""field"":1},{""achieved_value"":395,""target_value"":500,""field"":2},{""target_value"":30,""achieved_value"":35,""field"":4}],""date_time"":1749686400}",1750246511
8283944169,default,daily_fitness,goal,1749772800,"{""date_time"":1749772800,""goal_items"":[{""field"":1,""achieved_value"":17422,""target_value"":6000},{""achieved_value"":612,""field"":2,""target_value"":500},{""target_value"":30,""achieved_value"":90,""field"":4}]}",1750246515
8283944169,default,daily_fitness,goal,1749859200,"{""goal_items"":[{""target_value"":6000,""achieved_value"":12105,""field"":1},{""field"":2,""target_value"":500,""achieved_value"":377},{""achieved_value"":65,""target_value"":30,""field"":4}],""date_time"":1749859200}",1750246515
8283944169,default,daily_fitness,goal,1749945600,"{""goal_items"":[{""achieved_value"":11715,""field"":1,""target_value"":6000},{""target_value"":500,""field"":2,""achieved_value"":551},{""achieved_value"":27,""field"":4,""target_value"":30}],""date_time"":1749945600}",1750246519
8283944169,default,daily_fitness,goal,1750032000,"{""date_time"":1750032000,""goal_items"":[{""achieved_value"":10,""field"":1,""target_value"":6000},{""target_value"":500,""field"":2,""achieved_value"":5},{""target_value"":30,""field"":4,""achieved_value"":0}]}",1750246520
8283944169,default,daily_fitness,goal,1750118400,"{""goal_items"":[{""target_value"":6000,""achieved_value"":62,""field"":1},{""achieved_value"":17,""field"":2,""target_value"":500},{""achieved_value"":0,""target_value"":30,""field"":4}],""date_time"":1750118400}",1750246525
8283944169,default,daily_fitness,goal,1750204800,"{""goal_items"":[{""field"":1,""achieved_value"":619,""target_value"":6000},{""field"":2,""achieved_value"":97,""target_value"":500},{""target_value"":30,""field"":4,""achieved_value"":0}],""date_time"":1750204800}",1750246503
